system,interval_index,frame_k_common_us,frame_k_plus_1_common_us,initial_features,features_tracked,features_successfully_tracked,reference_matches,epe_px,failure_rate,processing_time_ms,update_latency_mean_us,events_processed,state_updates,events_per_useful_update
frame_only,678,29895515,29939581,500,463,409,409,3.8643713100066663,0.18200000000000005,336.857504,1160.967,0,463,N/A
frame_only,679,29939581,29983646,500,393,330,330,4.523612252950952,0.33999999999999997,277.558355,1204.591,0,393,N/A
frame_only,680,29983646,30027711,500,340,281,281,4.589552378605566,0.43799999999999994,240.17024,1650.056,0,340,N/A
frame_only,681,30027711,30071777,500,309,253,253,4.787259284767405,0.494,215.88033299999998,1019.013,0,309,N/A
frame_only,682,30071777,30115842,500,283,232,232,4.421428331854677,0.536,200.185036,936.402,0,283,N/A
event_driven,678,29895515,29939581,500,500,354,354,3.950199531600926,0.29200000000000004,11912.803373,1061.055628458498,10879,1555,6.996141479099679
hybrid,678,29895515,29939581,500,500,354,354,3.950199531600926,0.29200000000000004,11587.010179,1031.6453342218956,10879,1909,6.996141479099679
event_driven,679,29939581,29983646,500,500,343,343,4.336992027150847,0.31399999999999995,7079.298981999999,408.7919481580874,16396,184,89.1086956521739
hybrid,679,29939581,29983646,500,500,308,308,4.152003313596672,0.384,15009.69923,892.7429370578191,16396,1225,17.880043620501635
event_driven,680,29983646,30027711,500,500,319,319,4.063980548532581,0.362,5951.23168,290.0688492922565,19216,34,565.1764705882352
hybrid,680,29983646,30027711,500,500,214,214,4.123226071058302,0.5720000000000001,16077.869476,816.8004604496255,19216,1687,13.045485403937542
event_driven,681,30027711,30071777,500,500,304,304,4.306069375289007,0.392,5214.652836,262.539488113933,18467,18,1025.9444444444443
hybrid,681,30027711,30071777,500,500,162,162,3.93052340588598,0.6759999999999999,13493.814,709.9574876265771,18467,912,24.622666666666667
event_driven,682,30071777,30115842,500,500,314,314,4.411921116246386,0.372,4678.746934,268.41791958648014,16154,0,N/A
hybrid,682,30071777,30115842,500,500,134,134,4.77566650890564,0.732,9347.478799,554.0932296644794,16154,639,31.98811881188119
