system,feature_id,lifetime_intervals,lifetime_us
frame_only,0,3,132196
frame_only,1,4,176262
frame_only,2,5,220327
frame_only,3,5,220327
frame_only,4,5,220327
frame_only,5,1,44066
frame_only,6,4,176262
frame_only,7,2,88131
frame_only,8,5,220327
frame_only,9,5,220327
frame_only,10,5,220327
frame_only,11,5,220327
frame_only,12,5,220327
frame_only,13,5,220327
frame_only,14,5,220327
frame_only,15,0,0
frame_only,16,5,220327
frame_only,17,5,220327
frame_only,18,5,220327
frame_only,19,5,220327
frame_only,20,3,132196
frame_only,21,5,220327
frame_only,22,2,88131
frame_only,23,1,44066
frame_only,24,5,220327
frame_only,25,5,220327
frame_only,26,1,44066
frame_only,27,5,220327
frame_only,28,5,220327
frame_only,29,3,132196
frame_only,30,3,132196
frame_only,31,1,44066
frame_only,32,5,220327
frame_only,33,5,220327
frame_only,34,5,220327
frame_only,35,5,220327
frame_only,36,2,88131
frame_only,37,1,44066
frame_only,38,3,132196
frame_only,39,1,44066
frame_only,40,2,88131
frame_only,41,2,88131
frame_only,42,1,44066
frame_only,43,5,220327
frame_only,44,3,132196
frame_only,45,0,0
frame_only,46,0,0
frame_only,47,1,44066
frame_only,48,2,88131
frame_only,49,2,88131
frame_only,50,5,220327
frame_only,51,1,44066
frame_only,52,5,220327
frame_only,53,5,220327
frame_only,54,1,44066
frame_only,55,2,88131
frame_only,56,1,44066
frame_only,57,5,220327
frame_only,58,5,220327
frame_only,59,2,88131
frame_only,60,3,132196
frame_only,61,4,176262
frame_only,62,0,0
frame_only,63,1,44066
frame_only,64,1,44066
frame_only,65,3,132196
frame_only,66,5,220327
frame_only,67,5,220327
frame_only,68,5,220327
frame_only,69,1,44066
frame_only,70,4,176262
frame_only,71,0,0
frame_only,72,5,220327
frame_only,73,3,132196
frame_only,74,4,176262
frame_only,75,5,220327
frame_only,76,2,88131
frame_only,77,3,132196
frame_only,78,2,88131
frame_only,79,1,44066
frame_only,80,4,176262
frame_only,81,5,220327
frame_only,82,5,220327
frame_only,83,5,220327
frame_only,84,1,44066
frame_only,85,2,88131
frame_only,86,1,44066
frame_only,87,1,44066
frame_only,88,2,88131
frame_only,89,1,44066
frame_only,90,3,132196
frame_only,91,1,44066
frame_only,92,1,44066
frame_only,93,0,0
frame_only,94,0,0
frame_only,95,0,0
frame_only,96,0,0
frame_only,97,5,220327
frame_only,98,5,220327
frame_only,99,5,220327
frame_only,100,0,0
frame_only,101,1,44066
frame_only,102,1,44066
frame_only,103,3,132196
frame_only,104,1,44066
frame_only,105,0,0
frame_only,106,5,220327
frame_only,107,2,88131
frame_only,108,5,220327
frame_only,109,0,0
frame_only,110,3,132196
frame_only,111,1,44066
frame_only,112,1,44066
frame_only,113,1,44066
frame_only,114,0,0
frame_only,115,2,88131
frame_only,116,2,88131
frame_only,117,5,220327
frame_only,118,1,44066
frame_only,119,5,220327
frame_only,120,0,0
frame_only,121,5,220327
frame_only,122,3,132196
frame_only,123,4,176262
frame_only,124,5,220327
frame_only,125,2,88131
frame_only,126,4,176262
frame_only,127,3,132196
frame_only,128,5,220327
frame_only,129,5,220327
frame_only,130,1,44066
frame_only,131,4,176262
frame_only,132,1,44066
frame_only,133,1,44066
frame_only,134,0,0
frame_only,135,1,44066
frame_only,136,2,88131
frame_only,137,2,88131
frame_only,138,1,44066
frame_only,139,0,0
frame_only,140,0,0
frame_only,141,0,0
frame_only,142,0,0
frame_only,143,0,0
frame_only,144,5,220327
frame_only,145,5,220327
frame_only,146,0,0
frame_only,147,5,220327
frame_only,148,2,88131
frame_only,149,3,132196
frame_only,150,5,220327
frame_only,151,5,220327
frame_only,152,5,220327
frame_only,153,3,132196
frame_only,154,5,220327
frame_only,155,5,220327
frame_only,156,3,132196
frame_only,157,1,44066
frame_only,158,2,88131
frame_only,159,1,44066
frame_only,160,5,220327
frame_only,161,2,88131
frame_only,162,0,0
frame_only,163,2,88131
frame_only,164,1,44066
frame_only,165,0,0
frame_only,166,0,0
frame_only,167,0,0
frame_only,168,4,176262
frame_only,169,1,44066
frame_only,170,0,0
frame_only,171,4,176262
frame_only,172,3,132196
frame_only,173,1,44066
frame_only,174,3,132196
frame_only,175,1,44066
frame_only,176,1,44066
frame_only,177,1,44066
frame_only,178,2,88131
frame_only,179,2,88131
frame_only,180,1,44066
frame_only,181,1,44066
frame_only,182,0,0
frame_only,183,0,0
frame_only,184,0,0
frame_only,185,1,44066
frame_only,186,2,88131
frame_only,187,5,220327
frame_only,188,1,44066
frame_only,189,5,220327
frame_only,190,1,44066
frame_only,191,2,88131
frame_only,192,0,0
frame_only,193,5,220327
frame_only,194,2,88131
frame_only,195,1,44066
frame_only,196,5,220327
frame_only,197,1,44066
frame_only,198,1,44066
frame_only,199,0,0
frame_only,200,5,220327
frame_only,201,5,220327
frame_only,202,5,220327
frame_only,203,0,0
frame_only,204,0,0
frame_only,205,0,0
frame_only,206,0,0
frame_only,207,2,88131
frame_only,208,5,220327
frame_only,209,1,44066
frame_only,210,3,132196
frame_only,211,1,44066
frame_only,212,5,220327
frame_only,213,5,220327
frame_only,214,2,88131
frame_only,215,1,44066
frame_only,216,1,44066
frame_only,217,1,44066
frame_only,218,2,88131
frame_only,219,3,132196
frame_only,220,1,44066
frame_only,221,1,44066
frame_only,222,5,220327
frame_only,223,0,0
frame_only,224,0,0
frame_only,225,1,44066
frame_only,226,5,220327
frame_only,227,5,220327
frame_only,228,5,220327
frame_only,229,0,0
frame_only,230,5,220327
frame_only,231,1,44066
frame_only,232,2,88131
frame_only,233,5,220327
frame_only,234,1,44066
frame_only,235,5,220327
frame_only,236,5,220327
frame_only,237,1,44066
frame_only,238,0,0
frame_only,239,2,88131
frame_only,240,5,220327
frame_only,241,5,220327
frame_only,242,5,220327
frame_only,243,2,88131
frame_only,244,0,0
frame_only,245,1,44066
frame_only,246,0,0
frame_only,247,5,220327
frame_only,248,1,44066
frame_only,249,0,0
frame_only,250,5,220327
frame_only,251,4,176262
frame_only,252,2,88131
frame_only,253,2,88131
frame_only,254,1,44066
frame_only,255,1,44066
frame_only,256,1,44066
frame_only,257,2,88131
frame_only,258,4,176262
frame_only,259,1,44066
frame_only,260,4,176262
frame_only,261,1,44066
frame_only,262,5,220327
frame_only,263,0,0
frame_only,264,0,0
frame_only,265,0,0
frame_only,266,0,0
frame_only,267,5,220327
frame_only,268,0,0
frame_only,269,3,132196
frame_only,270,0,0
frame_only,271,1,44066
frame_only,272,5,220327
frame_only,273,0,0
frame_only,274,1,44066
frame_only,275,1,44066
frame_only,276,0,0
frame_only,277,1,44066
frame_only,278,1,44066
frame_only,279,5,220327
frame_only,280,5,220327
frame_only,281,2,88131
frame_only,282,0,0
frame_only,283,3,132196
frame_only,284,1,44066
frame_only,285,4,176262
frame_only,286,3,132196
frame_only,287,5,220327
frame_only,288,3,132196
frame_only,289,5,220327
frame_only,290,2,88131
frame_only,291,1,44066
frame_only,292,1,44066
frame_only,293,4,176262
frame_only,294,1,44066
frame_only,295,1,44066
frame_only,296,1,44066
frame_only,297,0,0
frame_only,298,0,0
frame_only,299,0,0
frame_only,300,2,88131
frame_only,301,0,0
frame_only,302,1,44066
frame_only,303,1,44066
frame_only,304,1,44066
frame_only,305,1,44066
frame_only,306,1,44066
frame_only,307,4,176262
frame_only,308,3,132196
frame_only,309,1,44066
frame_only,310,0,0
frame_only,311,2,88131
frame_only,312,0,0
frame_only,313,0,0
frame_only,314,5,220327
frame_only,315,2,88131
frame_only,316,5,220327
frame_only,317,0,0
frame_only,318,5,220327
frame_only,319,0,0
frame_only,320,1,44066
frame_only,321,1,44066
frame_only,322,5,220327
frame_only,323,3,132196
frame_only,324,0,0
frame_only,325,5,220327
frame_only,326,2,88131
frame_only,327,2,88131
frame_only,328,2,88131
frame_only,329,5,220327
frame_only,330,1,44066
frame_only,331,0,0
frame_only,332,0,0
frame_only,333,0,0
frame_only,334,5,220327
frame_only,335,5,220327
frame_only,336,2,88131
frame_only,337,1,44066
frame_only,338,3,132196
frame_only,339,3,132196
frame_only,340,5,220327
frame_only,341,5,220327
frame_only,342,5,220327
frame_only,343,1,44066
frame_only,344,5,220327
frame_only,345,0,0
frame_only,346,1,44066
frame_only,347,2,88131
frame_only,348,5,220327
frame_only,349,5,220327
frame_only,350,5,220327
frame_only,351,1,44066
frame_only,352,5,220327
frame_only,353,5,220327
frame_only,354,5,220327
frame_only,355,2,88131
frame_only,356,2,88131
frame_only,357,5,220327
frame_only,358,3,132196
frame_only,359,1,44066
frame_only,360,1,44066
frame_only,361,5,220327
frame_only,362,1,44066
frame_only,363,4,176262
frame_only,364,0,0
frame_only,365,0,0
frame_only,366,5,220327
frame_only,367,0,0
frame_only,368,5,220327
frame_only,369,0,0
frame_only,370,0,0
frame_only,371,2,88131
frame_only,372,5,220327
frame_only,373,5,220327
frame_only,374,0,0
frame_only,375,2,88131
frame_only,376,5,220327
frame_only,377,2,88131
frame_only,378,5,220327
frame_only,379,5,220327
frame_only,380,0,0
frame_only,381,1,44066
frame_only,382,1,44066
frame_only,383,5,220327
frame_only,384,2,88131
frame_only,385,5,220327
frame_only,386,2,88131
frame_only,387,5,220327
frame_only,388,4,176262
frame_only,389,1,44066
frame_only,390,3,132196
frame_only,391,1,44066
frame_only,392,2,88131
frame_only,393,2,88131
frame_only,394,1,44066
frame_only,395,0,0
frame_only,396,0,0
frame_only,397,1,44066
frame_only,398,1,44066
frame_only,399,0,0
frame_only,400,5,220327
frame_only,401,5,220327
frame_only,402,0,0
frame_only,403,1,44066
frame_only,404,0,0
frame_only,405,1,44066
frame_only,406,0,0
frame_only,407,2,88131
frame_only,408,5,220327
frame_only,409,5,220327
frame_only,410,5,220327
frame_only,411,5,220327
frame_only,412,5,220327
frame_only,413,0,0
frame_only,414,5,220327
frame_only,415,2,88131
frame_only,416,4,176262
frame_only,417,5,220327
frame_only,418,5,220327
frame_only,419,0,0
frame_only,420,1,44066
frame_only,421,4,176262
frame_only,422,1,44066
frame_only,423,1,44066
frame_only,424,1,44066
frame_only,425,2,88131
frame_only,426,0,0
frame_only,427,0,0
frame_only,428,2,88131
frame_only,429,2,88131
frame_only,430,2,88131
frame_only,431,2,88131
frame_only,432,1,44066
frame_only,433,2,88131
frame_only,434,5,220327
frame_only,435,2,88131
frame_only,436,2,88131
frame_only,437,3,132196
frame_only,438,0,0
frame_only,439,4,176262
frame_only,440,5,220327
frame_only,441,1,44066
frame_only,442,2,88131
frame_only,443,0,0
frame_only,444,5,220327
frame_only,445,0,0
frame_only,446,4,176262
frame_only,447,3,132196
frame_only,448,5,220327
frame_only,449,5,220327
frame_only,450,2,88131
frame_only,451,1,44066
frame_only,452,0,0
frame_only,453,2,88131
frame_only,454,1,44066
frame_only,455,0,0
frame_only,456,1,44066
frame_only,457,2,88131
frame_only,458,5,220327
frame_only,459,2,88131
frame_only,460,5,220327
frame_only,461,3,132196
frame_only,462,5,220327
frame_only,463,5,220327
frame_only,464,5,220327
frame_only,465,2,88131
frame_only,466,2,88131
frame_only,467,5,220327
frame_only,468,0,0
frame_only,469,3,132196
frame_only,470,2,88131
frame_only,471,5,220327
frame_only,472,1,44066
frame_only,473,5,220327
frame_only,474,4,176262
frame_only,475,4,176262
frame_only,476,4,176262
frame_only,477,1,44066
frame_only,478,2,88131
frame_only,479,2,88131
frame_only,480,2,88131
frame_only,481,1,44066
frame_only,482,0,0
frame_only,483,1,44066
frame_only,484,5,220327
frame_only,485,5,220327
frame_only,486,2,88131
frame_only,487,0,0
frame_only,488,2,88131
frame_only,489,1,44066
frame_only,490,5,220327
frame_only,491,5,220327
frame_only,492,0,0
frame_only,493,5,220327
frame_only,494,5,220327
frame_only,495,2,88131
frame_only,496,2,88131
frame_only,497,2,88131
frame_only,498,1,44066
frame_only,499,5,220327
event_driven,0,3,132196
event_driven,1,5,220327
event_driven,2,0,0
event_driven,3,0,0
event_driven,4,5,220327
event_driven,5,1,44066
event_driven,6,5,220327
event_driven,7,3,132196
event_driven,8,4,176262
event_driven,9,3,132196
event_driven,10,0,0
event_driven,11,2,88131
event_driven,12,5,220327
event_driven,13,0,0
event_driven,14,0,0
event_driven,15,5,220327
event_driven,16,0,0
event_driven,17,5,220327
event_driven,18,5,220327
event_driven,19,0,0
event_driven,20,5,220327
event_driven,21,2,88131
event_driven,22,5,220327
event_driven,23,0,0
event_driven,24,0,0
event_driven,25,0,0
event_driven,26,5,220327
event_driven,27,0,0
event_driven,28,5,220327
event_driven,29,0,0
event_driven,30,0,0
event_driven,31,0,0
event_driven,32,5,220327
event_driven,33,5,220327
event_driven,34,3,132196
event_driven,35,0,0
event_driven,36,0,0
event_driven,37,0,0
event_driven,38,5,220327
event_driven,39,0,0
event_driven,40,4,176262
event_driven,41,4,176262
event_driven,42,5,220327
event_driven,43,5,220327
event_driven,44,5,220327
event_driven,45,0,0
event_driven,46,0,0
event_driven,47,0,0
event_driven,48,5,220327
event_driven,49,5,220327
event_driven,50,0,0
event_driven,51,5,220327
event_driven,52,0,0
event_driven,53,2,88131
event_driven,54,5,220327
event_driven,55,3,132196
event_driven,56,5,220327
event_driven,57,5,220327
event_driven,58,0,0
event_driven,59,1,44066
event_driven,60,0,0
event_driven,61,0,0
event_driven,62,0,0
event_driven,63,2,88131
event_driven,64,5,220327
event_driven,65,5,220327
event_driven,66,5,220327
event_driven,67,0,0
event_driven,68,3,132196
event_driven,69,1,44066
event_driven,70,0,0
event_driven,71,0,0
event_driven,72,0,0
event_driven,73,1,44066
event_driven,74,5,220327
event_driven,75,0,0
event_driven,76,2,88131
event_driven,77,0,0
event_driven,78,0,0
event_driven,79,5,220327
event_driven,80,5,220327
event_driven,81,0,0
event_driven,82,5,220327
event_driven,83,0,0
event_driven,84,0,0
event_driven,85,0,0
event_driven,86,1,44066
event_driven,87,0,0
event_driven,88,5,220327
event_driven,89,2,88131
event_driven,90,5,220327
event_driven,91,5,220327
event_driven,92,1,44066
event_driven,93,5,220327
event_driven,94,4,176262
event_driven,95,0,0
event_driven,96,5,220327
event_driven,97,5,220327
event_driven,98,5,220327
event_driven,99,2,88131
event_driven,100,0,0
event_driven,101,1,44066
event_driven,102,2,88131
event_driven,103,3,132196
event_driven,104,5,220327
event_driven,105,5,220327
event_driven,106,0,0
event_driven,107,3,132196
event_driven,108,3,132196
event_driven,109,0,0
event_driven,110,5,220327
event_driven,111,2,88131
event_driven,112,0,0
event_driven,113,5,220327
event_driven,114,5,220327
event_driven,115,0,0
event_driven,116,0,0
event_driven,117,5,220327
event_driven,118,0,0
event_driven,119,0,0
event_driven,120,5,220327
event_driven,121,5,220327
event_driven,122,0,0
event_driven,123,0,0
event_driven,124,3,132196
event_driven,125,0,0
event_driven,126,5,220327
event_driven,127,5,220327
event_driven,128,3,132196
event_driven,129,5,220327
event_driven,130,0,0
event_driven,131,0,0
event_driven,132,5,220327
event_driven,133,0,0
event_driven,134,0,0
event_driven,135,5,220327
event_driven,136,5,220327
event_driven,137,5,220327
event_driven,138,5,220327
event_driven,139,0,0
event_driven,140,2,88131
event_driven,141,0,0
event_driven,142,5,220327
event_driven,143,5,220327
event_driven,144,0,0
event_driven,145,0,0
event_driven,146,5,220327
event_driven,147,5,220327
event_driven,148,3,132196
event_driven,149,2,88131
event_driven,150,5,220327
event_driven,151,5,220327
event_driven,152,5,220327
event_driven,153,5,220327
event_driven,154,3,132196
event_driven,155,0,0
event_driven,156,1,44066
event_driven,157,5,220327
event_driven,158,5,220327
event_driven,159,1,44066
event_driven,160,5,220327
event_driven,161,2,88131
event_driven,162,4,176262
event_driven,163,5,220327
event_driven,164,0,0
event_driven,165,0,0
event_driven,166,0,0
event_driven,167,5,220327
event_driven,168,5,220327
event_driven,169,2,88131
event_driven,170,1,44066
event_driven,171,1,44066
event_driven,172,2,88131
event_driven,173,0,0
event_driven,174,0,0
event_driven,175,1,44066
event_driven,176,0,0
event_driven,177,5,220327
event_driven,178,5,220327
event_driven,179,5,220327
event_driven,180,5,220327
event_driven,181,5,220327
event_driven,182,0,0
event_driven,183,2,88131
event_driven,184,0,0
event_driven,185,5,220327
event_driven,186,5,220327
event_driven,187,0,0
event_driven,188,0,0
event_driven,189,4,176262
event_driven,190,5,220327
event_driven,191,1,44066
event_driven,192,4,176262
event_driven,193,5,220327
event_driven,194,5,220327
event_driven,195,5,220327
event_driven,196,3,132196
event_driven,197,0,0
event_driven,198,0,0
event_driven,199,5,220327
event_driven,200,5,220327
event_driven,201,5,220327
event_driven,202,1,44066
event_driven,203,0,0
event_driven,204,0,0
event_driven,205,0,0
event_driven,206,0,0
event_driven,207,0,0
event_driven,208,5,220327
event_driven,209,2,88131
event_driven,210,5,220327
event_driven,211,5,220327
event_driven,212,5,220327
event_driven,213,2,88131
event_driven,214,0,0
event_driven,215,0,0
event_driven,216,0,0
event_driven,217,0,0
event_driven,218,3,132196
event_driven,219,5,220327
event_driven,220,5,220327
event_driven,221,1,44066
event_driven,222,5,220327
event_driven,223,0,0
event_driven,224,0,0
event_driven,225,0,0
event_driven,226,5,220327
event_driven,227,0,0
event_driven,228,1,44066
event_driven,229,0,0
event_driven,230,2,88131
event_driven,231,5,220327
event_driven,232,3,132196
event_driven,233,5,220327
event_driven,234,5,220327
event_driven,235,5,220327
event_driven,236,1,44066
event_driven,237,0,0
event_driven,238,5,220327
event_driven,239,2,88131
event_driven,240,0,0
event_driven,241,5,220327
event_driven,242,0,0
event_driven,243,0,0
event_driven,244,5,220327
event_driven,245,5,220327
event_driven,246,5,220327
event_driven,247,5,220327
event_driven,248,5,220327
event_driven,249,0,0
event_driven,250,0,0
event_driven,251,5,220327
event_driven,252,3,132196
event_driven,253,0,0
event_driven,254,0,0
event_driven,255,2,88131
event_driven,256,0,0
event_driven,257,5,220327
event_driven,258,5,220327
event_driven,259,1,44066
event_driven,260,4,176262
event_driven,261,5,220327
event_driven,262,5,220327
event_driven,263,5,220327
event_driven,264,0,0
event_driven,265,5,220327
event_driven,266,0,0
event_driven,267,1,44066
event_driven,268,0,0
event_driven,269,5,220327
event_driven,270,3,132196
event_driven,271,5,220327
event_driven,272,4,176262
event_driven,273,2,88131
event_driven,274,5,220327
event_driven,275,0,0
event_driven,276,0,0
event_driven,277,2,88131
event_driven,278,5,220327
event_driven,279,5,220327
event_driven,280,5,220327
event_driven,281,2,88131
event_driven,282,0,0
event_driven,283,1,44066
event_driven,284,5,220327
event_driven,285,5,220327
event_driven,286,0,0
event_driven,287,5,220327
event_driven,288,5,220327
event_driven,289,2,88131
event_driven,290,0,0
event_driven,291,4,176262
event_driven,292,2,88131
event_driven,293,5,220327
event_driven,294,5,220327
event_driven,295,2,88131
event_driven,296,5,220327
event_driven,297,5,220327
event_driven,298,2,88131
event_driven,299,5,220327
event_driven,300,4,176262
event_driven,301,2,88131
event_driven,302,3,132196
event_driven,303,5,220327
event_driven,304,0,0
event_driven,305,3,132196
event_driven,306,5,220327
event_driven,307,5,220327
event_driven,308,5,220327
event_driven,309,5,220327
event_driven,310,0,0
event_driven,311,0,0
event_driven,312,2,88131
event_driven,313,5,220327
event_driven,314,5,220327
event_driven,315,5,220327
event_driven,316,1,44066
event_driven,317,3,132196
event_driven,318,0,0
event_driven,319,0,0
event_driven,320,2,88131
event_driven,321,0,0
event_driven,322,5,220327
event_driven,323,3,132196
event_driven,324,0,0
event_driven,325,5,220327
event_driven,326,5,220327
event_driven,327,1,44066
event_driven,328,5,220327
event_driven,329,4,176262
event_driven,330,5,220327
event_driven,331,5,220327
event_driven,332,0,0
event_driven,333,5,220327
event_driven,334,5,220327
event_driven,335,5,220327
event_driven,336,0,0
event_driven,337,5,220327
event_driven,338,4,176262
event_driven,339,3,132196
event_driven,340,5,220327
event_driven,341,0,0
event_driven,342,1,44066
event_driven,343,3,132196
event_driven,344,0,0
event_driven,345,1,44066
event_driven,346,2,88131
event_driven,347,5,220327
event_driven,348,5,220327
event_driven,349,5,220327
event_driven,350,2,88131
event_driven,351,0,0
event_driven,352,5,220327
event_driven,353,1,44066
event_driven,354,5,220327
event_driven,355,5,220327
event_driven,356,3,132196
event_driven,357,0,0
event_driven,358,4,176262
event_driven,359,2,88131
event_driven,360,5,220327
event_driven,361,3,132196
event_driven,362,4,176262
event_driven,363,0,0
event_driven,364,5,220327
event_driven,365,0,0
event_driven,366,5,220327
event_driven,367,5,220327
event_driven,368,5,220327
event_driven,369,0,0
event_driven,370,4,176262
event_driven,371,3,132196
event_driven,372,4,176262
event_driven,373,5,220327
event_driven,374,0,0
event_driven,375,5,220327
event_driven,376,0,0
event_driven,377,0,0
event_driven,378,5,220327
event_driven,379,1,44066
event_driven,380,5,220327
event_driven,381,3,132196
event_driven,382,0,0
event_driven,383,5,220327
event_driven,384,0,0
event_driven,385,5,220327
event_driven,386,5,220327
event_driven,387,5,220327
event_driven,388,0,0
event_driven,389,1,44066
event_driven,390,5,220327
event_driven,391,5,220327
event_driven,392,5,220327
event_driven,393,5,220327
event_driven,394,5,220327
event_driven,395,0,0
event_driven,396,0,0
event_driven,397,2,88131
event_driven,398,0,0
event_driven,399,0,0
event_driven,400,5,220327
event_driven,401,1,44066
event_driven,402,3,132196
event_driven,403,5,220327
event_driven,404,0,0
event_driven,405,1,44066
event_driven,406,3,132196
event_driven,407,0,0
event_driven,408,0,0
event_driven,409,0,0
event_driven,410,5,220327
event_driven,411,5,220327
event_driven,412,1,44066
event_driven,413,0,0
event_driven,414,4,176262
event_driven,415,5,220327
event_driven,416,5,220327
event_driven,417,0,0
event_driven,418,3,132196
event_driven,419,1,44066
event_driven,420,0,0
event_driven,421,5,220327
event_driven,422,0,0
event_driven,423,4,176262
event_driven,424,5,220327
event_driven,425,2,88131
event_driven,426,5,220327
event_driven,427,0,0
event_driven,428,1,44066
event_driven,429,5,220327
event_driven,430,0,0
event_driven,431,5,220327
event_driven,432,5,220327
event_driven,433,4,176262
event_driven,434,5,220327
event_driven,435,0,0
event_driven,436,0,0
event_driven,437,5,220327
event_driven,438,0,0
event_driven,439,5,220327
event_driven,440,5,220327
event_driven,441,0,0
event_driven,442,2,88131
event_driven,443,3,132196
event_driven,444,5,220327
event_driven,445,2,88131
event_driven,446,5,220327
event_driven,447,5,220327
event_driven,448,5,220327
event_driven,449,5,220327
event_driven,450,5,220327
event_driven,451,5,220327
event_driven,452,5,220327
event_driven,453,5,220327
event_driven,454,5,220327
event_driven,455,0,0
event_driven,456,5,220327
event_driven,457,5,220327
event_driven,458,0,0
event_driven,459,0,0
event_driven,460,5,220327
event_driven,461,3,132196
event_driven,462,5,220327
event_driven,463,2,88131
event_driven,464,2,88131
event_driven,465,5,220327
event_driven,466,5,220327
event_driven,467,5,220327
event_driven,468,5,220327
event_driven,469,5,220327
event_driven,470,5,220327
event_driven,471,5,220327
event_driven,472,1,44066
event_driven,473,3,132196
event_driven,474,1,44066
event_driven,475,2,88131
event_driven,476,3,132196
event_driven,477,2,88131
event_driven,478,5,220327
event_driven,479,3,132196
event_driven,480,5,220327
event_driven,481,5,220327
event_driven,482,1,44066
event_driven,483,5,220327
event_driven,484,5,220327
event_driven,485,1,44066
event_driven,486,2,88131
event_driven,487,4,176262
event_driven,488,3,132196
event_driven,489,5,220327
event_driven,490,4,176262
event_driven,491,1,44066
event_driven,492,5,220327
event_driven,493,5,220327
event_driven,494,5,220327
event_driven,495,5,220327
event_driven,496,2,88131
event_driven,497,3,132196
event_driven,498,5,220327
event_driven,499,1,44066
hybrid,0,3,132196
hybrid,1,5,220327
hybrid,2,0,0
hybrid,3,0,0
hybrid,4,1,44066
hybrid,5,2,88131
hybrid,6,5,220327
hybrid,7,3,132196
hybrid,8,5,220327
hybrid,9,3,132196
hybrid,10,0,0
hybrid,11,1,44066
hybrid,12,2,88131
hybrid,13,0,0
hybrid,14,0,0
hybrid,15,2,88131
hybrid,16,0,0
hybrid,17,5,220327
hybrid,18,5,220327
hybrid,19,0,0
hybrid,20,1,44066
hybrid,21,1,44066
hybrid,22,2,88131
hybrid,23,0,0
hybrid,24,0,0
hybrid,25,0,0
hybrid,26,2,88131
hybrid,27,0,0
hybrid,28,1,44066
hybrid,29,0,0
hybrid,30,0,0
hybrid,31,0,0
hybrid,32,5,220327
hybrid,33,2,88131
hybrid,34,2,88131
hybrid,35,0,0
hybrid,36,0,0
hybrid,37,0,0
hybrid,38,1,44066
hybrid,39,0,0
hybrid,40,3,132196
hybrid,41,1,44066
hybrid,42,2,88131
hybrid,43,4,176262
hybrid,44,5,220327
hybrid,45,0,0
hybrid,46,0,0
hybrid,47,0,0
hybrid,48,3,132196
hybrid,49,5,220327
hybrid,50,0,0
hybrid,51,2,88131
hybrid,52,0,0
hybrid,53,4,176262
hybrid,54,3,132196
hybrid,55,3,132196
hybrid,56,4,176262
hybrid,57,5,220327
hybrid,58,0,0
hybrid,59,1,44066
hybrid,60,0,0
hybrid,61,0,0
hybrid,62,0,0
hybrid,63,2,88131
hybrid,64,5,220327
hybrid,65,5,220327
hybrid,66,5,220327
hybrid,67,0,0
hybrid,68,5,220327
hybrid,69,1,44066
hybrid,70,0,0
hybrid,71,0,0
hybrid,72,0,0
hybrid,73,2,88131
hybrid,74,3,132196
hybrid,75,0,0
hybrid,76,2,88131
hybrid,77,0,0
hybrid,78,0,0
hybrid,79,2,88131
hybrid,80,5,220327
hybrid,81,0,0
hybrid,82,2,88131
hybrid,83,0,0
hybrid,84,0,0
hybrid,85,0,0
hybrid,86,1,44066
hybrid,87,0,0
hybrid,88,4,176262
hybrid,89,4,176262
hybrid,90,2,88131
hybrid,91,3,132196
hybrid,92,1,44066
hybrid,93,1,44066
hybrid,94,2,88131
hybrid,95,0,0
hybrid,96,2,88131
hybrid,97,5,220327
hybrid,98,1,44066
hybrid,99,2,88131
hybrid,100,0,0
hybrid,101,1,44066
hybrid,102,3,132196
hybrid,103,3,132196
hybrid,104,4,176262
hybrid,105,5,220327
hybrid,106,0,0
hybrid,107,1,44066
hybrid,108,1,44066
hybrid,109,0,0
hybrid,110,1,44066
hybrid,111,3,132196
hybrid,112,0,0
hybrid,113,5,220327
hybrid,114,2,88131
hybrid,115,0,0
hybrid,116,0,0
hybrid,117,1,44066
hybrid,118,0,0
hybrid,119,0,0
hybrid,120,1,44066
hybrid,121,3,132196
hybrid,122,0,0
hybrid,123,0,0
hybrid,124,2,88131
hybrid,125,0,0
hybrid,126,4,176262
hybrid,127,5,220327
hybrid,128,2,88131
hybrid,129,3,132196
hybrid,130,0,0
hybrid,131,0,0
hybrid,132,1,44066
hybrid,133,0,0
hybrid,134,0,0
hybrid,135,3,132196
hybrid,136,2,88131
hybrid,137,1,44066
hybrid,138,5,220327
hybrid,139,0,0
hybrid,140,2,88131
hybrid,141,0,0
hybrid,142,2,88131
hybrid,143,5,220327
hybrid,144,0,0
hybrid,145,0,0
hybrid,146,1,44066
hybrid,147,5,220327
hybrid,148,3,132196
hybrid,149,3,132196
hybrid,150,1,44066
hybrid,151,5,220327
hybrid,152,2,88131
hybrid,153,1,44066
hybrid,154,5,220327
hybrid,155,0,0
hybrid,156,3,132196
hybrid,157,2,88131
hybrid,158,4,176262
hybrid,159,5,220327
hybrid,160,5,220327
hybrid,161,1,44066
hybrid,162,3,132196
hybrid,163,2,88131
hybrid,164,0,0
hybrid,165,0,0
hybrid,166,0,0
hybrid,167,1,44066
hybrid,168,5,220327
hybrid,169,2,88131
hybrid,170,1,44066
hybrid,171,5,220327
hybrid,172,2,88131
hybrid,173,0,0
hybrid,174,0,0
hybrid,175,3,132196
hybrid,176,0,0
hybrid,177,2,88131
hybrid,178,5,220327
hybrid,179,2,88131
hybrid,180,5,220327
hybrid,181,1,44066
hybrid,182,0,0
hybrid,183,2,88131
hybrid,184,0,0
hybrid,185,2,88131
hybrid,186,1,44066
hybrid,187,0,0
hybrid,188,0,0
hybrid,189,2,88131
hybrid,190,2,88131
hybrid,191,1,44066
hybrid,192,5,220327
hybrid,193,5,220327
hybrid,194,5,220327
hybrid,195,1,44066
hybrid,196,2,88131
hybrid,197,0,0
hybrid,198,0,0
hybrid,199,2,88131
hybrid,200,4,176262
hybrid,201,5,220327
hybrid,202,5,220327
hybrid,203,0,0
hybrid,204,0,0
hybrid,205,0,0
hybrid,206,0,0
hybrid,207,0,0
hybrid,208,3,132196
hybrid,209,1,44066
hybrid,210,2,88131
hybrid,211,2,88131
hybrid,212,1,44066
hybrid,213,2,88131
hybrid,214,0,0
hybrid,215,0,0
hybrid,216,0,0
hybrid,217,0,0
hybrid,218,2,88131
hybrid,219,5,220327
hybrid,220,2,88131
hybrid,221,1,44066
hybrid,222,2,88131
hybrid,223,0,0
hybrid,224,0,0
hybrid,225,0,0
hybrid,226,3,132196
hybrid,227,0,0
hybrid,228,2,88131
hybrid,229,0,0
hybrid,230,5,220327
hybrid,231,4,176262
hybrid,232,3,132196
hybrid,233,4,176262
hybrid,234,5,220327
hybrid,235,2,88131
hybrid,236,3,132196
hybrid,237,0,0
hybrid,238,1,44066
hybrid,239,2,88131
hybrid,240,0,0
hybrid,241,2,88131
hybrid,242,0,0
hybrid,243,0,0
hybrid,244,1,44066
hybrid,245,1,44066
hybrid,246,1,44066
hybrid,247,5,220327
hybrid,248,1,44066
hybrid,249,0,0
hybrid,250,0,0
hybrid,251,2,88131
hybrid,252,1,44066
hybrid,253,0,0
hybrid,254,0,0
hybrid,255,3,132196
hybrid,256,0,0
hybrid,257,2,88131
hybrid,258,5,220327
hybrid,259,1,44066
hybrid,260,3,132196
hybrid,261,1,44066
hybrid,262,1,44066
hybrid,263,2,88131
hybrid,264,0,0
hybrid,265,2,88131
hybrid,266,0,0
hybrid,267,2,88131
hybrid,268,0,0
hybrid,269,1,44066
hybrid,270,3,132196
hybrid,271,1,44066
hybrid,272,5,220327
hybrid,273,1,44066
hybrid,274,3,132196
hybrid,275,0,0
hybrid,276,0,0
hybrid,277,2,88131
hybrid,278,1,44066
hybrid,279,1,44066
hybrid,280,5,220327
hybrid,281,1,44066
hybrid,282,0,0
hybrid,283,1,44066
hybrid,284,2,88131
hybrid,285,1,44066
hybrid,286,0,0
hybrid,287,5,220327
hybrid,288,1,44066
hybrid,289,2,88131
hybrid,290,0,0
hybrid,291,2,88131
hybrid,292,3,132196
hybrid,293,4,176262
hybrid,294,5,220327
hybrid,295,5,220327
hybrid,296,5,220327
hybrid,297,5,220327
hybrid,298,3,132196
hybrid,299,5,220327
hybrid,300,3,132196
hybrid,301,5,220327
hybrid,302,3,132196
hybrid,303,2,88131
hybrid,304,0,0
hybrid,305,3,132196
hybrid,306,3,132196
hybrid,307,5,220327
hybrid,308,2,88131
hybrid,309,1,44066
hybrid,310,0,0
hybrid,311,0,0
hybrid,312,2,88131
hybrid,313,4,176262
hybrid,314,5,220327
hybrid,315,5,220327
hybrid,316,3,132196
hybrid,317,1,44066
hybrid,318,0,0
hybrid,319,0,0
hybrid,320,1,44066
hybrid,321,0,0
hybrid,322,4,176262
hybrid,323,2,88131
hybrid,324,0,0
hybrid,325,2,88131
hybrid,326,5,220327
hybrid,327,1,44066
hybrid,328,5,220327
hybrid,329,5,220327
hybrid,330,5,220327
hybrid,331,1,44066
hybrid,332,0,0
hybrid,333,1,44066
hybrid,334,4,176262
hybrid,335,5,220327
hybrid,336,0,0
hybrid,337,5,220327
hybrid,338,4,176262
hybrid,339,3,132196
hybrid,340,4,176262
hybrid,341,0,0
hybrid,342,5,220327
hybrid,343,5,220327
hybrid,344,0,0
hybrid,345,1,44066
hybrid,346,3,132196
hybrid,347,5,220327
hybrid,348,5,220327
hybrid,349,5,220327
hybrid,350,2,88131
hybrid,351,0,0
hybrid,352,2,88131
hybrid,353,2,88131
hybrid,354,5,220327
hybrid,355,1,44066
hybrid,356,2,88131
hybrid,357,0,0
hybrid,358,1,44066
hybrid,359,2,88131
hybrid,360,5,220327
hybrid,361,2,88131
hybrid,362,5,220327
hybrid,363,0,0
hybrid,364,2,88131
hybrid,365,0,0
hybrid,366,2,88131
hybrid,367,5,220327
hybrid,368,1,44066
hybrid,369,0,0
hybrid,370,5,220327
hybrid,371,2,88131
hybrid,372,5,220327
hybrid,373,5,220327
hybrid,374,0,0
hybrid,375,5,220327
hybrid,376,0,0
hybrid,377,0,0
hybrid,378,4,176262
hybrid,379,5,220327
hybrid,380,5,220327
hybrid,381,1,44066
hybrid,382,0,0
hybrid,383,2,88131
hybrid,384,0,0
hybrid,385,4,176262
hybrid,386,1,44066
hybrid,387,2,88131
hybrid,388,0,0
hybrid,389,2,88131
hybrid,390,1,44066
hybrid,391,2,88131
hybrid,392,5,220327
hybrid,393,1,44066
hybrid,394,2,88131
hybrid,395,0,0
hybrid,396,0,0
hybrid,397,3,132196
hybrid,398,0,0
hybrid,399,0,0
hybrid,400,5,220327
hybrid,401,5,220327
hybrid,402,3,132196
hybrid,403,3,132196
hybrid,404,0,0
hybrid,405,2,88131
hybrid,406,2,88131
hybrid,407,0,0
hybrid,408,0,0
hybrid,409,0,0
hybrid,410,2,88131
hybrid,411,5,220327
hybrid,412,2,88131
hybrid,413,0,0
hybrid,414,5,220327
hybrid,415,2,88131
hybrid,416,3,132196
hybrid,417,0,0
hybrid,418,2,88131
hybrid,419,1,44066
hybrid,420,0,0
hybrid,421,3,132196
hybrid,422,0,0
hybrid,423,5,220327
hybrid,424,3,132196
hybrid,425,2,88131
hybrid,426,2,88131
hybrid,427,0,0
hybrid,428,1,44066
hybrid,429,4,176262
hybrid,430,0,0
hybrid,431,5,220327
hybrid,432,5,220327
hybrid,433,4,176262
hybrid,434,3,132196
hybrid,435,0,0
hybrid,436,0,0
hybrid,437,2,88131
hybrid,438,0,0
hybrid,439,4,176262
hybrid,440,5,220327
hybrid,441,0,0
hybrid,442,3,132196
hybrid,443,1,44066
hybrid,444,2,88131
hybrid,445,2,88131
hybrid,446,3,132196
hybrid,447,1,44066
hybrid,448,2,88131
hybrid,449,1,44066
hybrid,450,2,88131
hybrid,451,5,220327
hybrid,452,5,220327
hybrid,453,3,132196
hybrid,454,5,220327
hybrid,455,0,0
hybrid,456,3,132196
hybrid,457,4,176262
hybrid,458,0,0
hybrid,459,0,0
hybrid,460,5,220327
hybrid,461,3,132196
hybrid,462,4,176262
hybrid,463,5,220327
hybrid,464,1,44066
hybrid,465,2,88131
hybrid,466,4,176262
hybrid,467,5,220327
hybrid,468,5,220327
hybrid,469,3,132196
hybrid,470,5,220327
hybrid,471,2,88131
hybrid,472,1,44066
hybrid,473,3,132196
hybrid,474,2,88131
hybrid,475,2,88131
hybrid,476,2,88131
hybrid,477,2,88131
hybrid,478,3,132196
hybrid,479,2,88131
hybrid,480,3,132196
hybrid,481,5,220327
hybrid,482,1,44066
hybrid,483,2,88131
hybrid,484,5,220327
hybrid,485,3,132196
hybrid,486,5,220327
hybrid,487,1,44066
hybrid,488,3,132196
hybrid,489,4,176262
hybrid,490,5,220327
hybrid,491,1,44066
hybrid,492,5,220327
hybrid,493,5,220327
hybrid,494,5,220327
hybrid,495,4,176262
hybrid,496,2,88131
hybrid,497,2,88131
hybrid,498,5,220327
hybrid,499,1,44066
