detector,frame_index,next_frame_index,requested_count,first_detected,next_detected,matched_count,denominator,repeatability,mean_match_distance_px,radius_px
shi_tomasi,0,1,50,50,50,27,50,0.54,0.43149190888418093,3.0
shi_tomasi,0,1,100,100,100,51,100,0.51,0.556177611411603,3.0
shi_tomasi,0,1,200,200,200,110,200,0.55,0.7121022047588639,3.0
shi_tomasi,0,1,300,300,300,169,300,0.5633333333333334,0.9224766451150881,3.0
shi_tomasi,0,1,500,500,500,306,500,0.612,1.2694184871613055,3.0
shi_tomasi,0,1,1000,571,588,380,571,0.6654991243432574,1.3929068424596502,3.0
fast,0,1,50,50,50,17,50,0.34,0.6470588235294118,3.0
fast,0,1,100,100,100,40,100,0.4,0.5559016994374948,3.0
fast,0,1,200,200,200,100,200,0.5,0.8073231066660914,3.0
fast,0,1,300,300,300,149,300,0.49666666666666665,0.95071082105591,3.0
fast,0,1,500,500,498,263,498,0.5281124497991968,1.193913910144041,3.0
fast,0,1,1000,507,498,265,498,0.5321285140562249,1.2031237188401094,3.0
shi_tomasi,338,339,50,50,50,4,50,0.08,1.75,3.0
shi_tomasi,338,339,100,100,100,19,100,0.19,1.5458753100848024,3.0
shi_tomasi,338,339,200,200,200,56,200,0.28,1.6219583806598679,3.0
shi_tomasi,338,339,300,300,300,99,300,0.33,1.6732602618614723,3.0
shi_tomasi,338,339,500,500,500,213,500,0.426,1.7925833834393912,3.0
shi_tomasi,338,339,1000,733,715,417,715,0.5832167832167832,1.791872825086194,3.0
fast,338,339,50,50,50,4,50,0.08,1.3535533905932737,3.0
fast,338,339,100,100,100,15,100,0.15,1.3533708719830513,3.0
fast,338,339,200,200,200,50,200,0.25,1.3371821313695091,3.0
fast,338,339,300,300,300,98,300,0.32666666666666666,1.437059832852839,3.0
fast,338,339,500,500,500,237,500,0.474,1.5969261363834701,3.0
fast,338,339,1000,509,527,254,509,0.49901768172888017,1.6005440304242284,3.0
shi_tomasi,677,678,50,50,50,2,50,0.04,2.118033988749895,3.0
shi_tomasi,677,678,100,100,100,7,100,0.07,1.8908668539285414,3.0
shi_tomasi,677,678,200,200,200,35,200,0.175,2.0398782178777433,3.0
shi_tomasi,677,678,300,300,300,71,300,0.23666666666666666,1.9795301445309454,3.0
shi_tomasi,677,678,500,500,500,176,500,0.352,1.963005784938155,3.0
shi_tomasi,677,678,1000,627,611,288,611,0.4713584288052373,1.9176449152526516,3.0
fast,677,678,50,50,50,2,50,0.04,1.5,3.0
fast,677,678,100,100,100,12,100,0.12,1.9816059786970703,3.0
fast,677,678,200,200,200,32,200,0.16,1.852085856913408,3.0
fast,677,678,300,300,300,77,300,0.25666666666666665,1.8742771337200321,3.0
fast,677,678,500,500,500,213,500,0.426,1.8526770077757413,3.0
fast,677,678,1000,591,583,285,583,0.4888507718696398,1.7988826720831272,3.0
shi_tomasi,1015,1016,50,50,50,2,50,0.04,1.0,3.0
shi_tomasi,1015,1016,100,100,100,5,100,0.05,1.4,3.0
shi_tomasi,1015,1016,200,200,200,34,200,0.17,1.8847655625510664,3.0
shi_tomasi,1015,1016,300,300,300,67,300,0.22333333333333333,1.803068250464183,3.0
shi_tomasi,1015,1016,500,500,500,182,500,0.364,1.781453104563252,3.0
shi_tomasi,1015,1016,1000,594,603,262,594,0.44107744107744107,1.7932238522055022,3.0
fast,1015,1016,50,50,50,3,50,0.06,1.4120226591665965,3.0
fast,1015,1016,100,100,100,10,100,0.1,1.9957417329238147,3.0
fast,1015,1016,200,200,200,41,200,0.205,2.031056588557282,3.0
fast,1015,1016,300,300,300,78,300,0.26,2.017376272533139,3.0
fast,1015,1016,500,500,500,206,500,0.412,1.9154299616305355,3.0
fast,1015,1016,1000,578,594,290,578,0.5017301038062284,1.8452971505946834,3.0
shi_tomasi,1354,1355,50,50,50,0,50,0.0,0.0,3.0
shi_tomasi,1354,1355,100,100,100,8,100,0.08,2.3830618877807472,3.0
shi_tomasi,1354,1355,200,200,200,28,200,0.14,2.0563664863424345,3.0
shi_tomasi,1354,1355,300,300,300,59,300,0.19666666666666666,2.0461828109588205,3.0
shi_tomasi,1354,1355,500,500,500,200,500,0.4,2.0368611572585023,3.0
shi_tomasi,1354,1355,1000,654,631,322,631,0.5103011093502378,1.9688010551626653,3.0
fast,1354,1355,50,50,50,2,50,0.04,2.8284271247461903,3.0
fast,1354,1355,100,100,100,9,100,0.09,2.243720589637549,3.0
fast,1354,1355,200,200,200,37,200,0.185,2.174600884539648,3.0
fast,1354,1355,300,300,300,76,300,0.25333333333333335,2.104303133757283,3.0
fast,1354,1355,500,500,500,217,500,0.434,1.9977822372461995,3.0
fast,1354,1355,1000,559,557,264,557,0.473967684021544,1.9790063896780734,3.0
