detector,frame_index,frame_timestamp_us,requested_count,detected_count,count_shortfall,occupied_buckets,total_buckets,bucket_coverage_percent,normalized_bucket_entropy,mean_quality,median_quality,min_quality,max_quality,response_definition,detection_time_ms,selection_time_ms,total_time_ms
shi_tomasi,0,0,50,50,0,48,48,100.0,0.99622086792101,0.0034121714998036623,0.00029963540146127343,2.208220394095406e-05,0.01930798776447773,Shi-Tomasi minimum eigenvalue,5.289863,0.290468,5.580331
shi_tomasi,0,0,100,100,0,48,48,100.0,0.9939214567522179,0.0024654227308928967,0.0001417206512996927,1.618617716303561e-05,0.01930798776447773,Shi-Tomasi minimum eigenvalue,5.289863,0.448614,5.738477
shi_tomasi,0,0,200,200,0,48,48,100.0,0.9880427782298781,0.0015943254111334682,4.588973388308659e-05,1.1781627108575776e-05,0.01930798776447773,Shi-Tomasi minimum eigenvalue,5.289863,0.802453,6.092316
shi_tomasi,0,0,300,300,0,48,48,100.0,0.974651621202425,0.001068843062967062,2.441556534904521e-05,8.578006600146182e-06,0.01930798776447773,Shi-Tomasi minimum eigenvalue,5.289863,1.148252,6.438115
shi_tomasi,0,0,500,500,0,48,48,100.0,0.9495081121019985,0.0006457483395934105,1.6187077562790364e-05,3.713210389832966e-06,0.01930798776447773,Shi-Tomasi minimum eigenvalue,5.289863,2.123708,7.413571
shi_tomasi,0,0,1000,571,429,48,48,100.0,0.9419805952949312,0.0005662949406541884,1.4969866242608987e-05,1.6229323591687717e-06,0.01930798776447773,Shi-Tomasi minimum eigenvalue,5.289863,2.271047,7.560910
fast,0,0,50,50,0,48,48,100.0,0.99622086792101,18.700000762939453,7.5,1.0,74.0,OpenCV FAST keypoint response,0.698358,0.281354,0.979712
fast,0,0,100,100,0,48,48,100.0,0.9979763855117181,14.819999694824219,4.0,1.0,74.0,OpenCV FAST keypoint response,0.698358,0.502593,1.200951
fast,0,0,200,200,0,48,48,100.0,0.9990166576905046,9.944999694824219,2.0,1.0,74.0,OpenCV FAST keypoint response,0.698358,0.860902,1.559260
fast,0,0,300,300,0,48,48,100.0,0.9989337436185196,7.083333492279053,2.0,1.0,74.0,OpenCV FAST keypoint response,0.698358,1.348331,2.046689
fast,0,0,500,500,0,48,48,100.0,0.9949018044649098,4.670000076293945,1.0,1.0,74.0,OpenCV FAST keypoint response,0.698358,2.324725,3.023083
fast,0,0,1000,507,493,48,48,100.0,0.9940395066352278,4.619329452514648,1.0,1.0,74.0,OpenCV FAST keypoint response,0.698358,2.591635,3.289993
shi_tomasi,1,44064,50,50,0,48,48,100.0,0.99622086792101,0.0036762438248842955,0.0002688643871806562,1.554628943267744e-05,0.026264509186148643,Shi-Tomasi minimum eigenvalue,5.402568,0.291232,5.693800
shi_tomasi,1,44064,100,100,0,48,48,100.0,0.9966247425918846,0.002724770223721862,0.00018904785974882543,1.4415104487852659e-05,0.026264509186148643,Shi-Tomasi minimum eigenvalue,5.402568,0.459258,5.861826
shi_tomasi,1,44064,200,200,0,48,48,100.0,0.9915775708999849,0.0017613046802580357,5.480664549395442e-05,1.2111927389923949e-05,0.026264509186148643,Shi-Tomasi minimum eigenvalue,5.402568,0.837409,6.239977
shi_tomasi,1,44064,300,300,0,48,48,100.0,0.9803750629549808,0.0011810801224783063,2.5343650122522376e-05,9.14984047994949e-06,0.026264509186148643,Shi-Tomasi minimum eigenvalue,5.402568,1.240763,6.643331
shi_tomasi,1,44064,500,500,0,48,48,100.0,0.9564953877828833,0.0007135752821341157,1.675212843110785e-05,5.210818471823586e-06,0.026264509186148643,Shi-Tomasi minimum eigenvalue,5.402568,2.052984,7.455552
shi_tomasi,1,44064,1000,588,412,48,48,100.0,0.9475489681117177,0.0006078233709558845,1.5041103324620053e-05,1.082268681784626e-06,0.026264509186148643,Shi-Tomasi minimum eigenvalue,5.402568,2.283918,7.686486
fast,1,44064,50,50,0,48,48,100.0,0.99622086792101,19.3799991607666,6.0,1.0,78.0,OpenCV FAST keypoint response,0.813051,0.296909,1.109960
fast,1,44064,100,100,0,48,48,100.0,0.9979763855117181,15.09000015258789,4.5,1.0,78.0,OpenCV FAST keypoint response,0.813051,0.487294,1.300345
fast,1,44064,200,200,0,48,48,100.0,0.9986903099517748,10.234999656677246,2.0,1.0,78.0,OpenCV FAST keypoint response,0.813051,0.895958,1.709009
fast,1,44064,300,300,0,48,48,100.0,0.9983986180009204,7.239999771118164,2.0,1.0,78.0,OpenCV FAST keypoint response,0.813051,1.410308,2.223359
fast,1,44064,500,498,2,48,48,100.0,0.9944156021134001,4.777108669281006,1.0,1.0,78.0,OpenCV FAST keypoint response,0.813051,2.491863,3.304914
fast,1,44064,1000,498,502,48,48,100.0,0.9944156021134001,4.777108669281006,1.0,1.0,78.0,OpenCV FAST keypoint response,0.813051,2.395869,3.208920
shi_tomasi,338,14894093,50,50,0,47,48,97.91666666666667,0.9890587786509684,0.0009844884043559432,6.493635009974241e-05,2.008997034863569e-05,0.019610898569226265,Shi-Tomasi minimum eigenvalue,6.853009,0.298860,7.151869
shi_tomasi,338,14894093,100,100,0,47,48,97.91666666666667,0.9916920550370305,0.0007680913549847901,4.705865649157204e-05,1.3181939721107483e-05,0.019610898569226265,Shi-Tomasi minimum eigenvalue,6.853009,0.464227,7.317236
shi_tomasi,338,14894093,200,200,0,47,48,97.91666666666667,0.9904166180774772,0.0006032287492416799,3.0948620405979455e-05,1.3181939721107483e-05,0.019610898569226265,Shi-Tomasi minimum eigenvalue,6.853009,0.839942,7.692951
shi_tomasi,338,14894093,300,300,0,47,48,97.91666666666667,0.9878894468863718,0.0005101001006551087,2.4964907424873672e-05,1.2630740457098e-05,0.019610898569226265,Shi-Tomasi minimum eigenvalue,6.853009,1.187550,8.040559
shi_tomasi,338,14894093,500,500,0,47,48,97.91666666666667,0.9813347471183327,0.00035559997195377946,1.8549560991232283e-05,5.635082743538078e-06,0.019610898569226265,Shi-Tomasi minimum eigenvalue,6.853009,1.909278,8.762287
shi_tomasi,338,14894093,1000,733,267,47,48,97.91666666666667,0.9736987450721485,0.00024523824686184525,1.4390391697816085e-05,1.6317057998094242e-06,0.019610898569226265,Shi-Tomasi minimum eigenvalue,6.853009,3.044304,9.897313
fast,338,14894093,50,50,0,48,48,100.0,0.99622086792101,9.979999542236328,5.0,1.0,75.0,OpenCV FAST keypoint response,0.673032,0.276146,0.949178
fast,338,14894093,100,100,0,48,48,100.0,0.9979763855117181,8.079999923706055,4.0,1.0,75.0,OpenCV FAST keypoint response,0.673032,0.456125,1.129157
fast,338,14894093,200,200,0,48,48,100.0,0.9990166576905046,6.139999866485596,2.0,1.0,75.0,OpenCV FAST keypoint response,0.673032,0.882487,1.555519
fast,338,14894093,300,300,0,48,48,100.0,0.9993954858389468,4.929999828338623,2.0,1.0,75.0,OpenCV FAST keypoint response,0.673032,1.311286,1.984318
fast,338,14894093,500,500,0,48,48,100.0,0.9979861895147267,3.809999942779541,1.0,1.0,75.0,OpenCV FAST keypoint response,0.673032,2.319146,2.992178
fast,338,14894093,1000,509,491,48,48,100.0,0.9974460919552313,3.7603142261505127,1.0,1.0,75.0,OpenCV FAST keypoint response,0.673032,2.485793,3.158825
shi_tomasi,339,14938158,50,50,0,48,48,100.0,0.99622086792101,0.0015947713982313871,8.786960097495466e-05,1.2233853340148926e-05,0.015973826870322227,Shi-Tomasi minimum eigenvalue,6.342772,0.270659,6.613431
shi_tomasi,339,14938158,100,100,0,48,48,100.0,0.9952730996720514,0.00105405249632895,5.557079566642642e-05,1.2233853340148926e-05,0.015973826870322227,Shi-Tomasi minimum eigenvalue,6.342772,0.439991,6.782763
shi_tomasi,339,14938158,200,200,0,48,48,100.0,0.9900239906447141,0.0006830007769167423,2.7761172532336786e-05,1.1734140571206808e-05,0.015973826870322227,Shi-Tomasi minimum eigenvalue,6.342772,0.842074,7.184846
shi_tomasi,339,14938158,300,300,0,48,48,100.0,0.9846226872922111,0.0005442145629785955,2.322707041457761e-05,1.153170524048619e-05,0.015973826870322227,Shi-Tomasi minimum eigenvalue,6.342772,1.176926,7.519698
shi_tomasi,339,14938158,500,500,0,48,48,100.0,0.9752855118481535,0.000361087906640023,1.7324819054920226e-05,6.0499514802359045e-06,0.015973826870322227,Shi-Tomasi minimum eigenvalue,6.342772,1.957661,8.300433
shi_tomasi,339,14938158,1000,715,285,48,48,100.0,0.9681456793466073,0.00025485779042355716,1.4014935004524887e-05,1.2218479241710156e-06,0.015973826870322227,Shi-Tomasi minimum eigenvalue,6.342772,2.864192,9.206964
fast,339,14938158,50,50,0,48,48,100.0,0.99622086792101,11.5,5.5,1.0,77.0,OpenCV FAST keypoint response,0.695958,0.272444,0.968402
fast,339,14938158,100,100,0,48,48,100.0,0.9979763855117181,8.829999923706055,4.0,1.0,77.0,OpenCV FAST keypoint response,0.695958,0.461459,1.157417
fast,339,14938158,200,200,0,48,48,100.0,0.9990166576905046,6.389999866485596,2.0,1.0,77.0,OpenCV FAST keypoint response,0.695958,0.841164,1.537122
fast,339,14938158,300,300,0,48,48,100.0,0.9993954858389468,5.079999923706055,2.0,1.0,77.0,OpenCV FAST keypoint response,0.695958,1.271638,1.967596
fast,339,14938158,500,500,0,48,48,100.0,0.9985668832567778,3.618000030517578,1.0,1.0,77.0,OpenCV FAST keypoint response,0.695958,2.381067,3.077025
fast,339,14938158,1000,527,473,48,48,100.0,0.996924889350104,3.4857685565948486,1.0,1.0,77.0,OpenCV FAST keypoint response,0.695958,2.442221,3.138179
shi_tomasi,677,29832252,50,50,0,48,48,100.0,0.99622086792101,0.0023880358785390854,0.0003663915558718145,3.405869210837409e-05,0.014028714038431644,Shi-Tomasi minimum eigenvalue,5.570357,0.288677,5.859034
shi_tomasi,677,29832252,100,100,0,48,48,100.0,0.9979763855117181,0.0017402798403054476,0.00020840726210735738,3.2471118174726143e-05,0.014028714038431644,Shi-Tomasi minimum eigenvalue,5.570357,0.455365,6.025722
shi_tomasi,677,29832252,200,200,0,48,48,100.0,0.9972723873379081,0.0011602090671658516,0.00010294579988112673,1.7078593373298645e-05,0.014028714038431644,Shi-Tomasi minimum eigenvalue,5.570357,0.860292,6.430649
shi_tomasi,677,29832252,300,300,0,48,48,100.0,0.9940769589533713,0.0008509597973898053,7.612037006765604e-05,8.877366781234741e-06,0.014028714038431644,Shi-Tomasi minimum eigenvalue,5.570357,1.169099,6.739456
shi_tomasi,677,29832252,500,500,0,48,48,100.0,0.978866738770974,0.0005601385491900146,4.0218270441982895e-05,6.725216735503636e-06,0.014028714038431644,Shi-Tomasi minimum eigenvalue,5.570357,1.916274,7.486631
shi_tomasi,677,29832252,1000,627,373,48,48,100.0,0.9669149305500783,0.0004488617123570293,3.0453324143309146e-05,4.048564733238891e-06,0.014028714038431644,Shi-Tomasi minimum eigenvalue,5.570357,2.609018,8.179375
fast,677,29832252,50,50,0,48,48,100.0,0.99622086792101,18.31999969482422,8.0,5.0,66.0,OpenCV FAST keypoint response,0.913117,0.271560,1.184677
fast,677,29832252,100,100,0,48,48,100.0,0.9979763855117181,14.800000190734863,7.0,3.0,66.0,OpenCV FAST keypoint response,0.913117,0.462363,1.375480
fast,677,29832252,200,200,0,48,48,100.0,0.9990166576905046,11.069999694824219,6.0,2.0,66.0,OpenCV FAST keypoint response,0.913117,0.891117,1.804234
fast,677,29832252,300,300,0,48,48,100.0,0.9993954858389468,8.853333473205566,5.0,1.0,66.0,OpenCV FAST keypoint response,0.913117,1.313308,2.226425
fast,677,29832252,500,500,0,48,48,100.0,0.9994475861559001,6.443999767303467,3.0,1.0,66.0,OpenCV FAST keypoint response,0.913117,2.345211,3.258328
fast,677,29832252,1000,591,409,48,48,100.0,0.9963802586345245,5.619289398193359,3.0,1.0,66.0,OpenCV FAST keypoint response,0.913117,2.931575,3.844692
shi_tomasi,678,29876317,50,50,0,48,48,100.0,0.99622086792101,0.003233910771086812,0.00034648715518414974,2.9327100492082536e-05,0.019770774990320206,Shi-Tomasi minimum eigenvalue,5.681464,0.306555,5.988019
shi_tomasi,678,29876317,100,100,0,48,48,100.0,0.9979763855117181,0.0024991645477712154,0.00014640520385000855,2.8948470571776852e-05,0.019770774990320206,Shi-Tomasi minimum eigenvalue,5.681464,0.437290,6.118754
shi_tomasi,678,29876317,200,200,0,48,48,100.0,0.9958544647240415,0.001595816109329462,8.078542305156589e-05,1.9136647097184323e-05,0.019770774990320206,Shi-Tomasi minimum eigenvalue,5.681464,0.779055,6.460519
shi_tomasi,678,29876317,300,300,0,48,48,100.0,0.9915438749185647,0.0011382929515093565,5.701997361029498e-05,1.0535120964050293e-05,0.019770774990320206,Shi-Tomasi minimum eigenvalue,5.681464,1.161429,6.842893
shi_tomasi,678,29876317,500,500,0,48,48,100.0,0.975046783503979,0.0007299194112420082,2.9483535399776883e-05,7.689350240980275e-06,0.019770774990320206,Shi-Tomasi minimum eigenvalue,5.681464,1.986006,7.667470
shi_tomasi,678,29876317,1000,611,389,48,48,100.0,0.9646032813168569,0.0005989614874124527,2.3450316803064197e-05,2.336783381906571e-06,0.019770774990320206,Shi-Tomasi minimum eigenvalue,5.681464,2.402704,8.084168
fast,678,29876317,50,50,0,48,48,100.0,0.99622086792101,21.959999084472656,9.0,3.0,73.0,OpenCV FAST keypoint response,0.867324,0.273136,1.140460
fast,678,29876317,100,100,0,48,48,100.0,0.9979763855117181,17.639999389648438,8.0,2.0,73.0,OpenCV FAST keypoint response,0.867324,0.499200,1.366524
fast,678,29876317,200,200,0,48,48,100.0,0.9990166576905046,12.524999618530273,6.0,1.0,73.0,OpenCV FAST keypoint response,0.867324,0.843278,1.710602
fast,678,29876317,300,300,0,48,48,100.0,0.9993954858389468,9.710000038146973,5.0,1.0,73.0,OpenCV FAST keypoint response,0.867324,1.318473,2.185797
fast,678,29876317,500,500,0,48,48,100.0,0.9990254853033167,6.76800012588501,3.0,1.0,73.0,OpenCV FAST keypoint response,0.867324,2.328506,3.195830
fast,678,29876317,1000,583,417,48,48,100.0,0.9964254678002888,5.957118511199951,2.0,1.0,73.0,OpenCV FAST keypoint response,0.867324,2.901817,3.769141
shi_tomasi,1015,44726346,50,50,0,48,48,100.0,0.99622086792101,0.003714796621352434,0.0002677091397345066,3.897794522345066e-05,0.01888495683670044,Shi-Tomasi minimum eigenvalue,5.475844,0.287779,5.763623
shi_tomasi,1015,44726346,100,100,0,48,48,100.0,0.9966247425918846,0.002562151523306966,0.00012311892351135612,2.964389386761468e-05,0.01888495683670044,Shi-Tomasi minimum eigenvalue,5.475844,0.490602,5.966446
shi_tomasi,1015,44726346,200,200,0,48,48,100.0,0.9937607206502583,0.0014895371859893203,9.085236524697393e-05,2.1863525034859776e-05,0.01888495683670044,Shi-Tomasi minimum eigenvalue,5.475844,0.909452,6.385296
shi_tomasi,1015,44726346,300,300,0,48,48,100.0,0.9848382861784739,0.001028840895742178,6.158509495435283e-05,1.545155464555137e-05,0.01888495683670044,Shi-Tomasi minimum eigenvalue,5.475844,1.190945,6.666789
shi_tomasi,1015,44726346,500,500,0,48,48,100.0,0.9611720988844673,0.0006240822840481997,3.1448893423657864e-05,6.614502126467414e-06,0.01888495683670044,Shi-Tomasi minimum eigenvalue,5.475844,1.951873,7.427717
shi_tomasi,1015,44726346,1000,594,406,48,48,100.0,0.9510486361589602,0.0005266424850560725,2.42189307755325e-05,2.2422746042138897e-06,0.01888495683670044,Shi-Tomasi minimum eigenvalue,5.475844,2.449390,7.925234
fast,1015,44726346,50,50,0,48,48,100.0,0.99622086792101,22.559999465942383,8.5,4.0,79.0,OpenCV FAST keypoint response,0.914725,0.296089,1.210814
fast,1015,44726346,100,100,0,48,48,100.0,0.9979763855117181,17.440000534057617,7.0,3.0,79.0,OpenCV FAST keypoint response,0.914725,0.492822,1.407547
fast,1015,44726346,200,200,0,48,48,100.0,0.9990166576905046,12.109999656677246,5.0,1.0,79.0,OpenCV FAST keypoint response,0.914725,0.829520,1.744245
fast,1015,44726346,300,300,0,48,48,100.0,0.9993954858389468,9.173333168029785,4.0,1.0,79.0,OpenCV FAST keypoint response,0.914725,1.325082,2.239807
fast,1015,44726346,500,500,0,48,48,100.0,0.9992348134887364,6.1020002365112305,3.0,1.0,79.0,OpenCV FAST keypoint response,0.914725,2.392855,3.307580
fast,1015,44726346,1000,578,422,48,48,100.0,0.9971225894095542,5.418684959411621,2.0,1.0,79.0,OpenCV FAST keypoint response,0.914725,2.879387,3.794112
shi_tomasi,1016,44770411,50,50,0,48,48,100.0,0.99622086792101,0.0029538266826421022,0.00022465168149210513,7.125739648472518e-05,0.018107175827026367,Shi-Tomasi minimum eigenvalue,5.547662,0.286341,5.834003
shi_tomasi,1016,44770411,100,100,0,48,48,100.0,0.9952730996720514,0.0021239728666841984,0.0001412763085681945,3.648191341198981e-05,0.018107175827026367,Shi-Tomasi minimum eigenvalue,5.547662,0.464147,6.011809
shi_tomasi,1016,44770411,200,200,0,48,48,100.0,0.9911155655198507,0.0012683980166912079,9.229524584952742e-05,4.773959517478943e-06,0.018107175827026367,Shi-Tomasi minimum eigenvalue,5.547662,0.823573,6.371235
shi_tomasi,1016,44770411,300,300,0,48,48,100.0,0.9849066310230556,0.0008625091868452728,6.655211473116651e-05,3.1152740120887756e-06,0.018107175827026367,Shi-Tomasi minimum eigenvalue,5.547662,1.141697,6.689359
shi_tomasi,1016,44770411,500,500,0,48,48,100.0,0.9670523140154967,0.0005266055231913924,3.920008384739049e-05,1.6427802620455623e-06,0.018107175827026367,Shi-Tomasi minimum eigenvalue,5.547662,2.014569,7.562231
shi_tomasi,1016,44770411,1000,603,397,48,48,100.0,0.9568209140494768,0.00043834466487169266,3.042694879695773e-05,1.6197855075006373e-06,0.018107175827026367,Shi-Tomasi minimum eigenvalue,5.547662,2.434539,7.982201
fast,1016,44770411,50,50,0,48,48,100.0,0.99622086792101,21.239999771118164,10.0,3.0,62.0,OpenCV FAST keypoint response,0.851945,0.278967,1.130912
fast,1016,44770411,100,100,0,48,48,100.0,0.9979763855117181,16.829999923706055,8.0,2.0,62.0,OpenCV FAST keypoint response,0.851945,0.522630,1.374575
fast,1016,44770411,200,200,0,48,48,100.0,0.9990166576905046,11.449999809265137,6.0,1.0,62.0,OpenCV FAST keypoint response,0.851945,0.923365,1.775310
fast,1016,44770411,300,300,0,48,48,100.0,0.9993954858389468,8.706666946411133,4.0,1.0,62.0,OpenCV FAST keypoint response,0.851945,1.343652,2.195597
fast,1016,44770411,500,500,0,48,48,100.0,0.9991125421609515,5.906000137329102,3.0,1.0,62.0,OpenCV FAST keypoint response,0.851945,2.323762,3.175707
fast,1016,44770411,1000,594,406,48,48,100.0,0.9969422972340777,5.143097877502441,2.0,1.0,62.0,OpenCV FAST keypoint response,0.851945,3.195784,4.047729
shi_tomasi,1354,59664505,50,50,0,48,48,100.0,0.99622086792101,0.0026636216789484024,0.00022379659640137106,4.078149140696041e-05,0.017556460574269295,Shi-Tomasi minimum eigenvalue,5.868982,0.272432,6.141414
shi_tomasi,1354,59664505,100,100,0,48,48,100.0,0.9952730996720514,0.0017045116983354092,0.00013335392577573657,3.032019048987422e-05,0.017556460574269295,Shi-Tomasi minimum eigenvalue,5.868982,0.450796,6.319778
shi_tomasi,1354,59664505,200,200,0,48,48,100.0,0.9892587635083072,0.001045131590217352,9.07482608454302e-05,2.5177681891364045e-05,0.017556460574269295,Shi-Tomasi minimum eigenvalue,5.868982,0.854344,6.723326
shi_tomasi,1354,59664505,300,300,0,48,48,100.0,0.9829836937118128,0.000711920962203294,6.813003710703924e-05,1.2691469237324782e-05,0.017556460574269295,Shi-Tomasi minimum eigenvalue,5.868982,1.255137,7.124119
shi_tomasi,1354,59664505,500,500,0,48,48,100.0,0.970733752322186,0.0004364173801150173,3.95754977944307e-05,9.286133717978373e-06,0.017556460574269295,Shi-Tomasi minimum eigenvalue,5.868982,1.970840,7.839822
shi_tomasi,1354,59664505,1000,654,346,48,48,100.0,0.9608446607350418,0.00033622380578890443,2.683852108020801e-05,2.666949058038881e-06,0.017556460574269295,Shi-Tomasi minimum eigenvalue,5.868982,2.659146,8.528128
fast,1354,59664505,50,50,0,48,48,100.0,0.99622086792101,19.479999542236328,8.0,5.0,66.0,OpenCV FAST keypoint response,0.907230,0.292641,1.199871
fast,1354,59664505,100,100,0,48,48,100.0,0.9979763855117181,14.550000190734863,7.0,4.0,66.0,OpenCV FAST keypoint response,0.907230,0.452031,1.359261
fast,1354,59664505,200,200,0,48,48,100.0,0.9990166576905046,10.420000076293945,6.0,1.0,66.0,OpenCV FAST keypoint response,0.907230,0.817704,1.724934
fast,1354,59664505,300,300,0,48,48,100.0,0.9992513040769654,7.986666679382324,5.0,1.0,66.0,OpenCV FAST keypoint response,0.907230,1.232785,2.140015
fast,1354,59664505,500,500,0,48,48,100.0,0.997691664341196,5.4120001792907715,3.0,1.0,66.0,OpenCV FAST keypoint response,0.907230,2.505060,3.412290
fast,1354,59664505,1000,559,441,48,48,100.0,0.9944607493759103,4.951699256896973,3.0,1.0,66.0,OpenCV FAST keypoint response,0.907230,2.860198,3.767428
shi_tomasi,1355,59708571,50,50,0,47,48,97.91666666666667,0.9890587786509684,0.002519732341170311,0.00023341228370554745,3.071259197895415e-05,0.020353643223643303,Shi-Tomasi minimum eigenvalue,5.748965,0.299822,6.048787
shi_tomasi,1355,59708571,100,100,0,47,48,97.91666666666667,0.9889887691973638,0.001648609060794115,0.00012893247185274959,2.7810030587716028e-05,0.020353643223643303,Shi-Tomasi minimum eigenvalue,5.748965,0.447817,6.196782
shi_tomasi,1355,59708571,200,200,0,47,48,97.91666666666667,0.9864429460096932,0.001094549777917564,8.164199243765324e-05,9.035691618919373e-06,0.020353643223643303,Shi-Tomasi minimum eigenvalue,5.748965,0.821567,6.570532
shi_tomasi,1355,59708571,300,300,0,47,48,97.91666666666667,0.9812798607425344,0.0007418328314088285,5.3659186960430816e-05,9.035691618919373e-06,0.020353643223643303,Shi-Tomasi minimum eigenvalue,5.748965,1.173586,6.922551
shi_tomasi,1355,59708571,500,500,0,47,48,97.91666666666667,0.9695441818042848,0.00045217570732347667,2.8284524887567386e-05,5.027874522056663e-06,0.020353643223643303,Shi-Tomasi minimum eigenvalue,5.748965,1.996324,7.745289
shi_tomasi,1355,59708571,1000,631,369,47,48,97.91666666666667,0.9614688985106188,0.0003602757933549583,2.2091393475420773e-05,1.6651565601932816e-06,0.020353643223643303,Shi-Tomasi minimum eigenvalue,5.748965,2.570415,8.319380
fast,1355,59708571,50,50,0,48,48,100.0,0.99622086792101,18.760000228881836,8.5,3.0,73.0,OpenCV FAST keypoint response,0.793977,0.286910,1.080887
fast,1355,59708571,100,100,0,48,48,100.0,0.9979763855117181,14.5,7.0,2.0,73.0,OpenCV FAST keypoint response,0.793977,0.460800,1.254777
fast,1355,59708571,200,200,0,48,48,100.0,0.9990166576905046,10.40999984741211,5.0,1.0,73.0,OpenCV FAST keypoint response,0.793977,0.850192,1.644169
fast,1355,59708571,300,300,0,48,48,100.0,0.9992513040769654,7.723333358764648,4.0,1.0,73.0,OpenCV FAST keypoint response,0.793977,1.343821,2.137798
fast,1355,59708571,500,500,0,48,48,100.0,0.9982653513925663,5.170000076293945,2.0,1.0,73.0,OpenCV FAST keypoint response,0.793977,2.401322,3.195299
fast,1355,59708571,1000,557,443,48,48,100.0,0.9955927416518999,4.7468581199646,2.0,1.0,73.0,OpenCV FAST keypoint response,0.793977,2.852955,3.646932
