metric,value
events_processed,10879
successful_updates,1555
events_rejected,9324
events_ambiguous,576
association_ratio,0.14293593161136134
active_features_initial,500
active_features_final,500
features_with_updates,132
mean_events_per_updated_feature,11.780303030303031
max_events_per_feature,44
mean_position_update_magnitude,2.0297855867984143
max_position_update_magnitude,3.994744274315267
mean_velocity_update_magnitude,0.011447682836172555
max_velocity_update_magnitude,0.5458268078536216
aps_frame_k_features_detected,500
aps_frame_k_plus_1_reference_features_detected,500
active_features_at_frame_k_plus_1,500
successfully_predicted_features,354
predicted_features_evaluated,500
epe_px,3.950199531600926
epe_median_px,3.0
failure_rate,0.292
track_lifetime_mean_us,44066.0
track_lifetime_max_us,44066
events_per_successful_feature_update,6.996141479099679
processing_time_ms,11902.264558
event_processing_time_ms,11523.446843
update_latency_mean_us,1057.3710118577076
update_latency_median_us,1006.222
update_latency_p95_us,1365.5729000000001
association_policy,"""Stage 4A brute-force strict gates; nearest squared-distance candidate, then lower feature ID; online re-evaluation after every successful update."""
reference_match_policy,"""Greedy global one-to-one nearest pairs within the configured pixel radius, sorted by distance squared, predicted feature ID, then indices."""
epe_definition,"""Mean Euclidean pixel error among successful one-to-one predicted-to-reference Shi-Tomasi matches only."""
failure_rate_definition,"""Unmatched valid predicted features divided by all valid predicted features."""
track_lifetime_definition,"""For this single frame pair, every initially valid track is considered observable over the frame-k to frame-k+1 interval; per-feature lifetime is that interval duration."""
update_latency_definition,"""Per-event wall-clock time inside the online association/update loop, including rejected events; reported mean, median and p95."""
