configuration_id,sweep_parameter,sweep_value,system,interval_start,interval_count,feature_count_requested,initial_features_detected,grid_cell_size_px,association_radius_px,association_time_window_us,alpha,beta,epe_px,track_lifetime_mean_us,mean_survival_fraction,final_survival_fraction,failure_rate,events_per_useful_update,events_per_successful_state_update,candidate_features_per_event,distance_calculations_per_event,processing_time_ms,update_latency_mean_us,state_updates,events_processed,state_memory_bytes,logical_grid_cells,logical_grid_index_bytes
cfg_000,baseline,baseline,frame_only,678,5,500,500,16,8.0,50000.0,0.5,0.1,4.385336943316374,108312.934,0.4915999999999999,0.294,0.398,,,0.0,0.0,1137.997737,1167.5970000000002,1788,0,16500,180,2720
cfg_000,baseline,baseline,event_driven,678,5,500,500,16,8.0,50000.0,0.5,0.1,4.208541624890199,122590.008,0.5564,0.426,0.34640000000000004,49.64014687882497,45.28866554997208,499.98578508728673,87.64010257421836,36106.107625000004,423.073414131078,1791,81112,16500,180,2720
cfg_000,baseline,baseline,hybrid,678,5,500,500,16,8.0,50000.0,0.5,0.1,4.126486465808758,90862.986,0.41240000000000004,0.194,0.5312,69.20819112627986,15.598461538461539,499.98578508728673,327.93381990334353,66036.728151,791.2218160937962,6372,81112,16500,180,2720
cfg_001,feature_count,100,frame_only,678,5,100,100,16,8.0,50000.0,0.5,0.1,5.451623275673389,93418.81,0.42400000000000004,0.22,0.44599999999999995,,,0.0,0.0,94.20828300000001,403.7662,359,0,3300,180,1120
cfg_001,feature_count,100,event_driven,678,5,100,100,16,8.0,50000.0,0.5,0.1,7.687094201199697,68301.45,0.30999999999999994,0.18,0.554,363.7309417040359,122.1566265060241,99.99649866850774,19.548118650754514,9515.798557999999,114.9185291572147,664,81112,3300,180,1120
cfg_001,feature_count,100,hybrid,678,5,100,100,16,8.0,50000.0,0.5,0.1,7.905217306521595,44946.84,0.20400000000000001,0.03,0.71,559.3931034482758,65.36019339242546,99.99649866850774,50.51036837952461,13542.228901,164.45522037429726,1386,81112,3300,180,1120
cfg_002,feature_count,300,frame_only,678,5,300,300,16,8.0,50000.0,0.5,0.1,5.0141664559324814,104875.81666666667,0.476,0.3,0.40800000000000003,,,0.0,0.0,493.88966199999993,832.298,1061,0,9900,180,1920
cfg_002,feature_count,300,event_driven,678,5,300,300,16,8.0,50000.0,0.5,0.1,5.567036493519543,110163.55666666667,0.5000000000000001,0.41,0.404,90.72930648769575,55.48016415868673,299.99181378834203,54.91568448564947,23669.771279999997,282.4565773005227,1462,81112,9900,180,1920
cfg_002,feature_count,300,hybrid,678,5,300,300,16,8.0,50000.0,0.5,0.1,5.656810037888861,72267.39,0.32799999999999996,0.11666666666666667,0.6206666666666667,142.5518453427065,22.625383542538355,299.99181378834203,175.04573922477562,38613.139987,466.53497478794753,4154,81112,9900,180,1920
cfg_003,feature_count,800,frame_only,678,5,800,611,16,8.0,50000.0,0.5,0.1,4.035463550767744,111353.6481178396,0.5054009819967267,0.2995090016366612,0.4013093289689035,,,0.0,0.0,1857.65647,1403.6386,2141,0,26400,180,3920
cfg_003,feature_count,800,event_driven,678,5,800,611,16,8.0,50000.0,0.5,0.1,3.686217069376269,127652.68085106384,0.5793780687397708,0.44189852700491,0.32274959083469723,39.20347994200097,41.94002068252327,610.9823330703225,106.38147253180787,46352.631099,536.6493049980273,1934,81112,26400,180,3920
cfg_003,feature_count,800,hybrid,678,5,800,611,16,8.0,50000.0,0.5,0.1,3.5519676357279533,99237.41734860884,0.45040916530278235,0.220949263502455,0.4962356792144026,52.7043534762833,13.141931302657161,610.9823330703225,420.41220781142124,88164.533646,1050.6251460079886,7711,81112,26400,180,3920
cfg_004,grid_cell_size_px,8,frame_only,678,5,500,500,8,8.0,50000.0,0.5,0.1,4.385336943316374,108312.934,0.4915999999999999,0.294,0.398,,,0.0,0.0,1263.783453,1930.5284,1788,0,16500,690,4760
cfg_004,grid_cell_size_px,8,event_driven,678,5,500,500,8,8.0,50000.0,0.5,0.1,4.208541624890199,122590.008,0.5564,0.426,0.34640000000000004,49.64014687882497,45.28866554997208,499.9838988065884,87.63821629352007,39791.931214000004,467.0446859774139,1791,81112,16500,690,4760
cfg_004,grid_cell_size_px,8,hybrid,678,5,500,500,8,8.0,50000.0,0.5,0.1,4.126486465808758,90862.986,0.41240000000000004,0.194,0.5312,69.20819112627986,15.598461538461539,499.9838988065884,327.9319336226452,70981.661131,851.210072701943,6372,81112,16500,690,4760
cfg_005,grid_cell_size_px,24,frame_only,678,5,500,500,24,8.0,50000.0,0.5,0.1,4.385336943316374,108312.934,0.4915999999999999,0.294,0.398,,,0.0,0.0,1288.8952120000001,1293.2392,1788,0,16500,80,2320
cfg_005,grid_cell_size_px,24,event_driven,678,5,500,500,24,8.0,50000.0,0.5,0.1,4.208541624890199,122590.008,0.5564,0.426,0.34640000000000004,49.64014687882497,45.28866554997208,499.9878686260972,87.6421861130289,38551.230237,450.7069319829372,1791,81112,16500,80,2320
cfg_005,grid_cell_size_px,24,hybrid,678,5,500,500,24,8.0,50000.0,0.5,0.1,4.126486465808758,90862.986,0.41240000000000004,0.194,0.5312,69.20819112627986,15.598461538461539,499.9878686260972,327.9359034421541,69989.556446,838.4629841330507,6372,81112,16500,80,2320
cfg_006,grid_cell_size_px,32,frame_only,678,5,500,500,32,8.0,50000.0,0.5,0.1,4.385336943316374,108312.934,0.4915999999999999,0.294,0.398,,,0.0,0.0,1418.241486,1156.2787999999998,1788,0,16500,48,2192
cfg_006,grid_cell_size_px,32,event_driven,678,5,500,500,32,8.0,50000.0,0.5,0.1,4.208541624890199,122590.008,0.5564,0.426,0.34640000000000004,49.64014687882497,45.28866554997208,499.9900631225959,87.64438060952757,39982.964983,467.9930636527271,1791,81112,16500,48,2192
cfg_006,grid_cell_size_px,32,hybrid,678,5,500,500,32,8.0,50000.0,0.5,0.1,4.126486465808758,90862.986,0.41240000000000004,0.194,0.5312,69.20819112627986,15.598461538461539,499.9900631225959,327.93809793865273,70927.74615,849.8461895527173,6372,81112,16500,48,2192
cfg_007,association_radius_px,4.0,frame_only,678,5,500,500,16,4.0,50000.0,0.5,0.1,4.385336943316374,108312.934,0.4915999999999999,0.294,0.398,,,0.0,0.0,1240.3581219999999,1421.8838,1788,0,16500,180,2720
cfg_007,association_radius_px,4.0,event_driven,678,5,500,500,16,4.0,50000.0,0.5,0.1,4.251242066817714,134047.032,0.6084,0.462,0.27480000000000004,44.73910645339217,69.32649572649572,499.9722729065983,86.10322763586153,39386.30493699999,461.8706940033535,1170,81112,16500,180,2720
cfg_007,association_radius_px,4.0,hybrid,678,5,500,500,16,4.0,50000.0,0.5,0.1,4.284589179000535,111133.076,0.5044000000000001,0.276,0.40800000000000003,54.8054054054054,21.1835988508749,499.9722729065983,368.04239816549955,76702.68556700001,920.7205605212546,5309,81112,16500,180,2720
cfg_008,association_radius_px,12.0,frame_only,678,5,500,500,16,12.0,50000.0,0.5,0.1,4.385336943316374,108312.934,0.4915999999999999,0.294,0.398,,,0.0,0.0,1230.215996,1309.805,1788,0,16500,180,2720
cfg_008,association_radius_px,12.0,event_driven,678,5,500,500,16,12.0,50000.0,0.5,0.1,4.237958720050876,113248.134,0.514,0.394,0.41080000000000005,55.065852002715545,32.78577202910267,499.990950784101,89.48481112535752,39242.97954,459.58538254512274,2474,81112,16500,180,2720
cfg_008,association_radius_px,12.0,hybrid,678,5,500,500,16,12.0,50000.0,0.5,0.1,4.0710058916020575,75528.232,0.3428,0.118,0.6275999999999999,87.1235230934479,13.154719429127473,499.990950784101,292.1903664069435,69003.930147,825.718952460795,7097,81112,16500,180,2720
cfg_009,association_radius_px,16.0,frame_only,678,5,500,500,16,16.0,50000.0,0.5,0.1,4.385336943316374,108312.934,0.4915999999999999,0.294,0.398,,,0.0,0.0,1514.3849100000002,1194.001,1788,0,16500,180,2720
cfg_009,association_radius_px,16.0,event_driven,678,5,500,500,16,16.0,50000.0,0.5,0.1,4.213943622407168,98882.794,0.44880000000000003,0.358,0.5024,65.20257234726688,25.01140918902251,499.9911110563172,91.03344757865668,40898.196933,480.54954123927405,3243,81112,16500,180,2720
cfg_009,association_radius_px,16.0,hybrid,678,5,500,500,16,16.0,50000.0,0.5,0.1,3.9016948155482805,56932.624,0.2584000000000001,0.056,0.7272000000000001,118.9325513196481,12.046933016485964,499.9911110563172,249.4248200019726,63061.29259699999,751.8547371289083,7415,81112,16500,180,2720
cfg_010,association_time_window_us,10000.0,frame_only,678,5,500,500,16,8.0,10000.0,0.5,0.1,4.385336943316374,108312.934,0.4915999999999999,0.294,0.398,,,0.0,0.0,1491.312885,1204.8898,1788,0,16500,180,2720
cfg_010,association_time_window_us,10000.0,event_driven,678,5,500,500,16,8.0,10000.0,0.5,0.1,4.219941791844203,128671.034,0.5839999999999999,0.448,0.3024,46.50917431192661,64.7342378292099,499.98578508728673,18.542250221915378,30011.508886,345.99895365667226,1253,81112,16500,180,2720
cfg_010,association_time_window_us,10000.0,hybrid,678,5,500,500,16,8.0,10000.0,0.5,0.1,4.224402033064787,105052.018,0.4767999999999999,0.252,0.4456,58.522366522366525,19.6730536017463,499.98578508728673,79.70338544235132,38936.307143000005,455.70153043939234,5509,81112,16500,180,2720
cfg_011,association_time_window_us,25000.0,frame_only,678,5,500,500,16,8.0,25000.0,0.5,0.1,4.385336943316374,108312.934,0.4915999999999999,0.294,0.398,,,0.0,0.0,1273.602718,1446.2784,1788,0,16500,180,2720
cfg_011,association_time_window_us,25000.0,event_driven,678,5,500,500,16,8.0,25000.0,0.5,0.1,4.236306041343044,125762.712,0.5708,0.436,0.32520000000000004,48.08061647895673,54.14686248331108,499.98578508728673,42.90027369563073,35174.158457,409.69021020317587,1498,81112,16500,180,2720
cfg_011,association_time_window_us,25000.0,hybrid,678,5,500,500,16,8.0,25000.0,0.5,0.1,4.203064719396122,98794.732,0.4484,0.226,0.488,63.36875,16.93007722813609,499.98578508728673,191.76137932734983,55480.04997200001,659.3891533435251,6071,81112,16500,180,2720
cfg_012,association_time_window_us,100000.0,frame_only,678,5,500,500,16,8.0,100000.0,0.5,0.1,4.385336943316374,108312.934,0.4915999999999999,0.294,0.398,,,0.0,0.0,1365.0896750000002,1226.7324,1788,0,16500,180,2720
cfg_012,association_time_window_us,100000.0,event_driven,678,5,500,500,16,8.0,100000.0,0.5,0.1,4.248076514007049,109458.562,0.4968,0.356,0.43799999999999994,57.73096085409253,25.339581380818494,499.98578508728673,255.6576585462077,62204.364965,743.4801933252788,3201,81112,16500,180,2720
cfg_012,association_time_window_us,100000.0,hybrid,678,5,500,500,16,8.0,100000.0,0.5,0.1,4.1446425300812475,91656.162,0.41600000000000004,0.2,0.5356000000000001,69.86391042204995,15.904313725490196,499.98578508728673,414.2142346385245,81633.10895200001,982.2832997090441,6261,81112,16500,180,2720
cfg_013,alpha,0.25,frame_only,678,5,500,500,16,8.0,50000.0,0.25,0.1,4.385336943316374,108312.934,0.4915999999999999,0.294,0.398,,,0.0,0.0,1299.025548,1307.123,1788,0,16500,180,2720
cfg_013,alpha,0.25,event_driven,678,5,500,500,16,8.0,50000.0,0.25,0.1,4.225955208702198,123911.974,0.5624,0.432,0.3388,49.06957047791894,45.062222222222225,499.98578508728673,87.39456553900779,38200.883286000004,447.56874559867833,1800,81112,16500,180,2720
cfg_013,alpha,0.25,hybrid,678,5,500,500,16,8.0,50000.0,0.25,0.1,4.183620495061608,91656.162,0.41600000000000004,0.188,0.528,68.73898305084745,15.420532319391635,499.98578508728673,330.13885738238486,70061.105617,839.5517716860636,6440,81112,16500,180,2720
cfg_014,alpha,0.75,frame_only,678,5,500,500,16,8.0,50000.0,0.75,0.1,4.385336943316374,108312.934,0.4915999999999999,0.294,0.398,,,0.0,0.0,1239.718829,1486.4739999999997,1788,0,16500,180,2720
cfg_014,alpha,0.75,event_driven,678,5,500,500,16,8.0,50000.0,0.75,0.1,4.220330659365666,122854.4,0.5576000000000001,0.428,0.34719999999999995,49.700980392156865,44.86283185840708,499.98578508728673,87.7168606371437,39513.024732,464.2046401272314,1808,81112,16500,180,2720
cfg_014,alpha,0.75,hybrid,678,5,500,500,16,8.0,50000.0,0.75,0.1,4.0979537755605815,89981.672,0.4084,0.176,0.538,70.22683982683982,15.688974854932301,499.98578508728673,327.31368971298946,69608.727664,834.4704321062236,6325,81112,16500,180,2720
cfg_015,beta,0.025,frame_only,678,5,500,500,16,8.0,50000.0,0.5,0.025,4.385336943316374,108312.934,0.4915999999999999,0.294,0.398,,,0.0,0.0,1271.042818,1249.6511999999998,1788,0,16500,180,2720
cfg_015,beta,0.025,event_driven,678,5,500,500,16,8.0,50000.0,0.5,0.025,4.242693918645264,125938.988,0.5715999999999999,0.436,0.33240000000000003,48.5991611743559,19.148253068932956,499.98578508728673,91.33548673439195,39200.840672,460.536884986192,4236,81112,16500,180,2720
cfg_015,beta,0.025,hybrid,678,5,500,500,16,8.0,50000.0,0.5,0.025,4.1535945037485495,98177.842,0.44560000000000005,0.22,0.4972,64.52824184566428,6.837969988197606,499.98578508728673,342.39583538810535,73490.2315,881.741423180294,13119,81112,16500,180,2720
cfg_016,beta,0.25,frame_only,678,5,500,500,16,8.0,50000.0,0.5,0.25,4.385336943316374,108312.934,0.4915999999999999,0.294,0.398,,,0.0,0.0,1272.993815,1282.9769999999999,1788,0,16500,180,2720
cfg_016,beta,0.25,event_driven,678,5,500,500,16,8.0,50000.0,0.5,0.25,4.2092063922484355,120298.612,0.546,0.42,0.35440000000000005,50.25526641883519,71.33861037818822,499.98578508728673,86.43534865371339,40637.256428999994,476.47765975441365,1137,81112,16500,180,2720
cfg_016,beta,0.25,hybrid,678,5,500,500,16,8.0,50000.0,0.5,0.25,4.10308982836889,86808.976,0.394,0.17,0.552,72.42142857142858,22.912994350282485,499.98578508728673,321.4828385442351,73547.22372400001,881.8318499605483,4660,81112,16500,180,2720
