frame_index,frame_timestamp_us,requested_count,detected_count,count_shortfall,occupied_buckets,total_buckets,bucket_coverage_percent,bucket_count_std,normalized_bucket_entropy,max_bucket_occupancy,mean_quality,median_quality,min_quality,max_quality
0,0,50,50,0,48,48,100.0,0.19982631347136334,0.99622086792101,2,0.0034121714998036623,0.00029963540146127343,2.208220394095406e-05,0.01930798776447773
0,0,100,100,0,48,48,100.0,0.44876373392787533,0.9939214567522179,3,0.0024654227308928967,0.0001417206512996927,1.618617716303561e-05,0.01930798776447773
0,0,200,200,0,48,48,100.0,1.1426091000668406,0.9880427782298781,5,0.0015943254111334682,4.588973388308659e-05,1.1781627108575776e-05,0.01930798776447773
0,0,300,300,0,48,48,100.0,2.5289984842489197,0.974651621202425,9,0.001068843062967062,2.441556534904521e-05,8.578006600146182e-06,0.01930798776447773
0,0,500,500,0,48,48,100.0,5.936586186989587,0.9495081121019985,16,0.0006457483395934105,1.6187077562790364e-05,3.713210389832966e-06,0.01930798776447773
0,0,1000,571,429,48,48,100.0,7.286516038013107,0.9419805952949312,21,0.0005662949406541884,1.4969866242608987e-05,1.6229323591687717e-06,0.01930798776447773
338,14894093,50,50,0,47,48,97.91666666666667,0.2856522750167102,0.9890587786509684,2,0.0009844884043559432,6.493635009974241e-05,2.008997034863569e-05,0.019610898569226265
338,14894093,100,100,0,47,48,97.91666666666667,0.44876373392787533,0.9916920550370305,3,0.0007680913549847901,4.705865649157204e-05,1.3181939721107483e-05,0.019610898569226265
338,14894093,200,200,0,47,48,97.91666666666667,0.9428090415820634,0.9904166180774772,5,0.0006032287492416799,3.0948620405979455e-05,1.3181939721107483e-05,0.019610898569226265
338,14894093,300,300,0,47,48,97.91666666666667,1.5745369689742652,0.9878894468863718,7,0.0005101001006551087,2.4964907424873672e-05,1.2630740457098e-05,0.019610898569226265
338,14894093,500,500,0,47,48,97.91666666666667,3.284010082539672,0.9813347471183327,12,0.00035559997195377946,1.8549560991232283e-05,5.635082743538078e-06,0.019610898569226265
338,14894093,1000,733,267,47,48,97.91666666666667,5.822870080314537,0.9736987450721485,24,0.00024523824686184525,1.4390391697816085e-05,1.6317057998094242e-06,0.019610898569226265
677,29832252,50,50,0,48,48,100.0,0.19982631347136334,0.99622086792101,2,0.0023880358785390854,0.0003663915558718145,3.405869210837409e-05,0.014028714038431644
677,29832252,100,100,0,48,48,100.0,0.2763853991962833,0.9979763855117181,3,0.0017402798403054476,0.00020840726210735738,3.2471118174726143e-05,0.014028714038431644
677,29832252,200,200,0,48,48,100.0,0.5892556509887895,0.9972723873379081,5,0.0011602090671658516,0.00010294579988112673,1.7078593373298645e-05,0.014028714038431644
677,29832252,300,300,0,48,48,100.0,1.2332207155790618,0.9940769589533713,7,0.0008509597973898053,7.612037006765604e-05,8.877366781234741e-06,0.014028714038431644
677,29832252,500,500,0,48,48,100.0,3.893548795407889,0.978866738770974,14,0.0005601385491900146,4.0218270441982895e-05,6.725216735503636e-06,0.014028714038431644
677,29832252,1000,627,373,48,48,100.0,6.172540839611081,0.9669149305500783,21,0.0004488617123570293,3.0453324143309146e-05,4.048564733238891e-06,0.014028714038431644
1016,44770411,50,50,0,48,48,100.0,0.19982631347136334,0.99622086792101,2,0.0029538266826421022,0.00022465168149210513,7.125739648472518e-05,0.018107175827026367
1016,44770411,100,100,0,48,48,100.0,0.39965262694272663,0.9952730996720514,3,0.0021239728666841984,0.0001412763085681945,3.648191341198981e-05,0.018107175827026367
1016,44770411,200,200,0,48,48,100.0,0.9860132971832694,0.9911155655198507,5,0.0012683980166912079,9.229524584952742e-05,4.773959517478943e-06,0.018107175827026367
1016,44770411,300,300,0,48,48,100.0,1.8874586088176875,0.9849066310230556,8,0.0008625091868452728,6.655211473116651e-05,3.1152740120887756e-06,0.018107175827026367
1016,44770411,500,500,0,48,48,100.0,4.725080834111612,0.9670523140154967,15,0.0005266055231913924,3.920008384739049e-05,1.6427802620455623e-06,0.018107175827026367
1016,44770411,1000,603,397,48,48,100.0,6.623525779371588,0.9568209140494768,20,0.00043834466487169266,3.042694879695773e-05,1.6197855075006373e-06,0.018107175827026367
1355,59708571,50,50,0,47,48,97.91666666666667,0.2856522750167102,0.9890587786509684,2,0.002519732341170311,0.00023341228370554745,3.071259197895415e-05,0.020353643223643303
1355,59708571,100,100,0,47,48,97.91666666666667,0.5335936864527374,0.9889887691973638,3,0.001648609060794115,0.00012893247185274959,2.7810030587716028e-05,0.020353643223643303
1355,59708571,200,200,0,47,48,97.91666666666667,1.1242281302693369,0.9864429460096932,5,0.001094549777917564,8.164199243765324e-05,9.035691618919373e-06,0.020353643223643303
1355,59708571,300,300,0,47,48,97.91666666666667,1.9947848672643038,0.9812798607425344,8,0.0007418328314088285,5.3659186960430816e-05,9.035691618919373e-06,0.020353643223643303
1355,59708571,500,500,0,47,48,97.91666666666667,4.310033513661917,0.9695441818042848,14,0.00045217570732347667,2.8284524887567386e-05,5.027874522056663e-06,0.020353643223643303
1355,59708571,1000,631,369,47,48,97.91666666666667,6.214866528914537,0.9614688985106188,20,0.0003602757933549583,2.2091393475420773e-05,1.6651565601932816e-06,0.020353643223643303
